-- MySQL dump 10.13  Distrib 8.0.33, for Win64 (x86_64)
--
-- Host: localhost    Database: trip
-- ------------------------------------------------------
-- Server version	8.0.33

/*!40101 SET @OLD_CHARACTER_SET_CLIENT=@@CHARACTER_SET_CLIENT */;
/*!40101 SET @OLD_CHARACTER_SET_RESULTS=@@CHARACTER_SET_RESULTS */;
/*!40101 SET @OLD_COLLATION_CONNECTION=@@COLLATION_CONNECTION */;
/*!50503 SET NAMES utf8mb4 */;
/*!40103 SET @OLD_TIME_ZONE=@@TIME_ZONE */;
/*!40103 SET TIME_ZONE='+00:00' */;
/*!40014 SET @OLD_UNIQUE_CHECKS=@@UNIQUE_CHECKS, UNIQUE_CHECKS=0 */;
/*!40014 SET @OLD_FOREIGN_KEY_CHECKS=@@FOREIGN_KEY_CHECKS, FOREIGN_KEY_CHECKS=0 */;
/*!40101 SET @OLD_SQL_MODE=@@SQL_MODE, SQL_MODE='NO_AUTO_VALUE_ON_ZERO' */;
/*!40111 SET @OLD_SQL_NOTES=@@SQL_NOTES, SQL_NOTES=0 */;

--
-- Table structure for table `board`

--

CREATE DATABASE trip;
USE trip;

DROP TABLE IF EXISTS `board`;
/*!40101 SET @saved_cs_client     = @@character_set_client */;
/*!50503 SET character_set_client = utf8mb4 */;
CREATE TABLE `board` (
  `no` int NOT NULL AUTO_INCREMENT,
  `id` varchar(35) NOT NULL,
  `img` varchar(50) DEFAULT NULL,
  `title` varchar(30) NOT NULL,
  `content` longtext NOT NULL,
  `like` int NOT NULL DEFAULT '0',
  `cnt` int NOT NULL DEFAULT '0',
  `createAt` timestamp NOT NULL DEFAULT CURRENT_TIMESTAMP,
  `updateAt` timestamp NULL DEFAULT NULL,
  `grade` int NOT NULL DEFAULT '1',
  `done` tinyint NOT NULL DEFAULT '1',
  `type` varchar(10) NOT NULL DEFAULT '여행후기',
  PRIMARY KEY (`no`),
  KEY `board_ibfk_1` (`id`),
  CONSTRAINT `board_ibfk_1` FOREIGN KEY (`id`) REFERENCES `user` (`id`) ON DELETE CASCADE ON UPDATE CASCADE
) ENGINE=InnoDB AUTO_INCREMENT=185 DEFAULT CHARSET=utf8mb4 COLLATE=utf8mb4_0900_ai_ci;
/*!40101 SET character_set_client = @saved_cs_client */;

--
-- Dumping data for table `board`
--

LOCK TABLES `board` WRITE;
/*!40000 ALTER TABLE `board` DISABLE KEYS */;
INSERT INTO `board` VALUES (173,'jaeho614@gmail.com',NULL,'올해 여름 너무 덥네요','<p>이제 계속 더 더워질거라는데 걱정이네요</p><p><br></p><p>집에 있는게 제일 좋은것 같아요!</p>',0,8,'2023-08-11 02:15:13',NULL,1,1,'여행후기'),(174,'testAdmin@trippermaker.com',NULL,'이용약관','TRIPPER MAKER 이용약관 입니다.!',1,8,'2023-08-11 02:19:52',NULL,2,1,'이용약관'),(175,'testAdmin@trippermaker.com',NULL,'개인정보처리방침','TRIPPER MAKER 개인정보처리방침 입니다.',0,1,'2023-08-11 02:20:09',NULL,2,1,'개인정보처리방침'),(176,'testAdmin@trippermaker.com',NULL,'이용안내','TRIPPER MAKER 이용안내 입니다.',0,0,'2023-08-11 02:20:59',NULL,2,1,'이용안내'),(177,'jaeho614@gmail.com',NULL,'zz','<p>zz</p>',0,6,'2023-08-11 15:30:30',NULL,1,1,'여행후기'),(178,'jaeho614a@gmail.com',NULL,'여행을 떠나요','<p>즐거운 마음으로.</p><p><br></p>',0,5,'2023-08-28 10:34:41',NULL,1,1,'여행후기'),(179,'kimtaeri@gmail.com',NULL,'어제 오늘 비가 많이 오네요..','<p>이럴땐 칼국수가 먹고싶은데</p><p><br></p><p>어디가 좋을까요?</p>',0,4,'2023-08-30 16:23:21',NULL,1,1,'여행후기'),(180,'kimdami@gmail.com',NULL,'안녕하세요! 가입했어요~','<p>좋은 여행지 추천해주세요!</p>',0,9,'2023-08-30 16:26:49',NULL,1,1,'여행후기'),(181,'jaeho614aa@gmail.com',NULL,'구미 금오산 다녀왔어요','<p>정말 좋네요 ㅎㅎ</p>',0,9,'2023-09-01 05:23:24',NULL,1,1,'여행후기'),(182,'jaeho614aaa@gmail.com',NULL,'안녕하세요 원빈입니다!','<p>방가방가 ^^*</p>',0,9,'2023-09-01 11:08:31',NULL,1,1,'여행후기'),(183,'zkflsk@gmail.com',NULL,'얼마전에 워터밤 다녀왔어요~','<p>너무 재밌고 좋았어요!</p>',2,17,'2023-09-01 16:15:36',NULL,1,1,'여행후기'),(184,'jaeho614a@gmail.com',NULL,'광안리 다녀왔어요!','<p>몇 번을 다녀와도 너무 좋아서 또 가고싶어욬!!</p>',1,35,'2023-09-03 15:45:39',NULL,1,1,'여행후기');
/*!40000 ALTER TABLE `board` ENABLE KEYS */;
UNLOCK TABLES;

--
-- Table structure for table `busterminal`
--

DROP TABLE IF EXISTS `busterminal`;
/*!40101 SET @saved_cs_client     = @@character_set_client */;
/*!50503 SET character_set_client = utf8mb4 */;
CREATE TABLE `busterminal` (
  `no` int NOT NULL AUTO_INCREMENT,
  `cityCode` int NOT NULL,
  `cityName` varchar(30) NOT NULL,
  `terminalId` varchar(30) NOT NULL,
  `terminalName` varchar(30) NOT NULL,
  PRIMARY KEY (`no`),
  UNIQUE KEY `terminalId` (`terminalId`)
) ENGINE=InnoDB AUTO_INCREMENT=2118 DEFAULT CHARSET=utf8mb4 COLLATE=utf8mb4_0900_ai_ci;
/*!40101 SET character_set_client = @saved_cs_client */;

--
-- Dumping data for table `busterminal`
--

LOCK TABLES `busterminal` WRITE;
/*!40000 ALTER TABLE `busterminal` DISABLE KEYS */;
INSERT INTO `busterminal` VALUES (1,24,'광주광역시','NAI6245901','명하리'),(2,36,'전라남도','NAI0000154','수하리'),(3,34,'충청남도','NAI3240602','신평'),(4,11,'서울특별시','NAI0281501','숭덕초'),(5,11,'서울특별시','NAI0272601','미아초'),(6,39,'제주도','NAI6362004','132 금호리조트(교래)'),(7,39,'제주도','NAI6362003','131 금호리조트(봉개)'),(8,37,'경상북도','NAI3626201','재산(봉화)'),(9,22,'대구광역시','NAI4298801','현풍(완행)'),(10,37,'경상북도','NAI4015004','매화마을'),(11,35,'전라북도','NAI5550603','굴천리'),(12,35,'전라북도','NAI5551201','가옥(무주)'),(13,35,'전라북도','NAI5551202','가림'),(14,35,'전라북도','NAI5551501','무주'),(15,35,'전라북도','NAI5552301','오산리'),(16,35,'전라북도','NAI5552502','상장백'),(17,35,'전라북도','NAI5552602','방이리'),(18,35,'전라북도','NAI5552603','배방리'),(19,35,'전라북도','NAI5552604','이동다리'),(20,35,'전라북도','NAI5552701','적상'),(21,35,'전라북도','NAI5552702','길왕'),(22,35,'전라북도','NAI5552703','서창(무주)'),(23,35,'전라북도','NAI5552802','내창'),(24,35,'전라북도','NAI5553001','상조'),(25,35,'전라북도','NAI5553004','괴목(무주)'),(26,35,'전라북도','NAI5553101','새내'),(27,35,'전라북도','NAI5553201','여원리'),(28,35,'전라북도','NAI5553203','신현'),(29,35,'전라북도','NAI5553301','삼유리'),(30,35,'전라북도','NAI5553304','성유리'),(31,35,'전라북도','NAI5553305','상유리'),(32,35,'전라북도','NAI5553501','안성(전북)'),(33,35,'전라북도','NAI5553502','이목'),(34,35,'전라북도','NAI5554301','공진'),(35,35,'전라북도','NAI5554502','상길산'),(36,35,'전라북도','NAI5555101','미천리'),(37,35,'전라북도','NAI5555201','장덕'),(38,35,'전라북도','NAI5555301','설천'),(39,35,'전라북도','NAI5555302','라제통문'),(40,35,'전라북도','NAI5555303','이남'),(41,35,'전라북도','NAI5555304','나림'),(42,35,'전라북도','NAI5555503','대평'),(43,35,'전라북도','NAI5555701','구천동'),(44,35,'전라북도','NAI5555801','묘암'),(45,35,'전라북도','NAI5555802','사동입구'),(46,35,'전라북도','NAI5555901','무풍'),(47,35,'전라북도','NAI5556002','마덕'),(48,35,'전라북도','NAI5556003','계부'),(49,35,'전라북도','NAI5556004','부평(무주)'),(50,36,'전라남도','NAI5926602','구곡'),(51,36,'전라남도','NAI5926901','마량'),(52,36,'전라남도','NAI5930101','유치'),(53,36,'전라남도','NAI5930102','인암'),(54,36,'전라남도','NAI5930301','봉림'),(55,36,'전라남도','NAI5930601','장평(전남)'),(56,36,'전라남도','NAI5930602','용산'),(57,36,'전라남도','NAI5930701','배산'),(58,36,'전라남도','NAI5932401','장흥'),(59,36,'전라남도','NAI5933501','영전'),(60,36,'전라남도','NAI5934101','풍암'),(61,36,'전라남도','NAI5934201','용산(장흥)'),(62,36,'전라남도','NAI5934202','계산'),(63,36,'전라남도','NAI5934203','모산'),(64,36,'전라남도','NAI5934303','상발'),(65,36,'전라남도','NAI5934304','풍길'),(66,36,'전라남도','NAI5934401','청전'),(67,36,'전라남도','NAI5934402','관지'),(68,36,'전라남도','NAI5935101','관산'),(69,36,'전라남도','NAI5935303','수동(장흥)'),(70,36,'전라남도','NAI5935501','하발'),(71,36,'전라남도','NAI5935701','삼산(장흥)'),(72,36,'전라남도','NAI5935801','신상'),(73,36,'전라남도','NAI5935802','대리'),(74,36,'전라남도','NAI5935902','노력항'),(75,35,'전라북도','NAI5556203','상오정'),(76,36,'전라남도','NAI5936001','회진'),(77,35,'전라북도','NAI5556204','도유리'),(78,35,'전라북도','NAI5556201','속동'),(79,35,'전라북도','NAI5556202','덕지'),(80,35,'전라북도','NAI5556205','실미'),(81,35,'전라북도','NAI5556207','안실'),(82,35,'전라북도','NAI5560002','외림'),(83,35,'전라북도','NAI5560101','계북'),(84,35,'전라북도','NAI5560301','매계'),(85,35,'전라북도','NAI5561401','장계'),(86,35,'전라북도','NAI5562301','계남'),(87,35,'전라북도','NAI5563201','장수'),(88,35,'전라북도','NAI5565901','번암'),(89,35,'전라북도','NAI5576001','남원'),(90,35,'전라북도','NAI5577901','대산'),(91,36,'전라남도','NAI5936102','삭금'),(92,35,'전라북도','NAI5580404','반선'),(93,35,'전라북도','NAI5592801','임실'),(94,35,'전라북도','NAI5593401','청웅'),(95,35,'전라북도','NAI5593901','강진(전북)'),(96,35,'전라북도','NAI5594601','삼계'),(97,35,'전라북도','NAI5595101','오수'),(98,35,'전라북도','NAI5600001','반월'),(99,36,'전라남도','NAI5936401','평촌(장흥)'),(100,36,'전라남도','NAI5936402','가학'),(101,36,'전라남도','NAI5936501','대덕'),(102,36,'전라남도','NAI5936502','도청(전남)'),(103,36,'전라남도','NAI5936601','신리(전남)'),(104,36,'전라남도','NAI5936605','옹암'),(105,36,'전라남도','NAI5936608','양하'),(106,36,'전라남도','NAI5936609','잠두'),(107,36,'전라남도','NAI5940001','문덕'),(108,36,'전라남도','NAI5940501','복내'),(109,36,'전라남도','NAI5942301','벌교'),(110,36,'전라남도','NAI5943601','예당'),(111,36,'전라남도','NAI5944001','조성'),(112,36,'전라남도','NAI5944501','금호'),(113,36,'전라남도','NAI5945501','보성북문'),(114,36,'전라남도','NAI5945801','보성'),(115,36,'전라남도','NAI5947101','율포(전남)'),(116,36,'전라남도','NAI5950102','동강'),(117,36,'전라남도','NAI5950201','매곡(고흥)'),(118,36,'전라남도','NAI5950903','옥천(전남)'),(119,36,'전라남도','NAI5951101','과역'),(120,36,'전라남도','NAI5951301','성두'),(121,36,'전라남도','NAI5951901','점암(고흥)'),(122,36,'전라남도','NAI5952201','동촌'),(123,35,'전라북도','NAI5601401','구산리'),(124,35,'전라북도','NAI5602002','강천사'),(125,35,'전라북도','NAI5602201','적성'),(126,35,'전라북도','NAI5602901','동계'),(127,35,'전라북도','NAI5603101','신기(순창)'),(128,35,'전라북도','NAI5603501','순창'),(129,35,'전라북도','NAI5605201','금과'),(130,35,'전라북도','NAI5610601','신태인'),(131,35,'전라북도','NAI5610901','감곡(정읍시)'),(132,35,'전라북도','NAI5611501','태인'),(133,35,'전라북도','NAI5612501','사교'),(134,35,'전라북도','NAI5615801','정읍'),(135,35,'전라북도','NAI5615802','봇들'),(136,35,'전라북도','NAI5619901','내장산'),(137,35,'전라북도','NAI5621501','대유'),(138,35,'전라북도','NAI5630602','동부버스정류장(부안)'),(139,35,'전라북도','NAI5630801','부안'),(140,35,'전라북도','NAI5630901','서부버스정류장(부안)'),(141,35,'전라북도','NAI5632601','줄포'),(142,35,'전라북도','NAI5633701','격포'),(143,35,'전라북도','NAI5634401','내소사'),(144,35,'전라북도','NAI5634601','곰소'),(145,35,'전라북도','NAI5640001','심원'),(146,35,'전라북도','NAI5640301','해리(고창)'),(147,35,'전라북도','NAI5640801','구시포'),(148,35,'전라북도','NAI5641001','상하'),(149,35,'전라북도','NAI5641501','흥덕'),(150,35,'전라북도','NAI5643301','고창'),(151,35,'전라북도','NAI5643401','고창여고'),(152,35,'전라북도','NAI5645201','선운사'),(153,35,'전라북도','NAI5645401','월산'),(154,35,'전라북도','NAI5645501','무장'),(155,35,'전라북도','NAI5646801','대산'),(156,36,'전라남도','NAI5700401','홍농'),(157,36,'전라남도','NAI5701501','법성포'),(158,36,'전라남도','NAI5703601','영광군청'),(159,36,'전라남도','NAI5704901','영광고'),(160,36,'전라남도','NAI5704301','영광'),(161,36,'전라남도','NAI5710601','덕산'),(162,36,'전라남도','NAI5710801','신광'),(163,36,'전라남도','NAI5711701','문장'),(164,36,'전라남도','NAI5712901','나산'),(165,36,'전라남도','NAI5715301','함평'),(166,36,'전라남도','NAI5716201','함사거리'),(167,36,'전라남도','NAI5720101','장성사거리'),(168,36,'전라남도','NAI5720502','내장사'),(169,36,'전라남도','NAI5721901','장성'),(170,36,'전라남도','NAI5730101','금성'),(171,36,'전라남도','NAI5730201','추월산'),(172,36,'전라남도','NAI5731601','주평'),(173,36,'전라남도','NAI5734401','담양'),(174,36,'전라남도','NAI5750401','옥과'),(175,36,'전라남도','NAI5750501','군내기본'),(176,36,'전라남도','NAI5952501','고당'),(177,36,'전라남도','NAI5952701','익금'),(178,36,'전라남도','NAI5952702','남성'),(179,36,'전라남도','NAI5952901','도화'),(180,36,'전라남도','NAI5953101','구암'),(181,36,'전라남도','NAI5954001','고흥'),(182,36,'전라남도','NAI5954601','봉성'),(183,36,'전라남도','NAI5954806','대가'),(184,36,'전라남도','NAI5954904','율치'),(185,36,'전라남도','NAI5778101','성황'),(186,36,'전라남도','NAI5754201','곡성'),(187,36,'전라남도','NAI5754902','연화'),(188,36,'전라남도','NAI5755901','석곡'),(189,36,'전라남도','NAI5762401','섬진강(상행)'),(190,36,'전라남도','NAI5763901','봉동'),(191,36,'전라남도','NAI5765401','구례'),(192,36,'전라남도','NAI5770801','섬진강'),(193,36,'전라남도','NAI5771201','섬진강(하행)'),(194,36,'전라남도','NAI5772001','광영'),(195,36,'전라남도','NAI5772401','도촌'),(196,36,'전라남도','NAI5775801','광양'),(197,36,'전라남도','NAI5880301','임자(대광)'),(198,38,'경상남도','NAI5880201','임자(진리)'),(199,24,'광주광역시','NAI6242902','송정역(심야)'),(200,37,'경상북도','NAI3845402','대구대'),(201,24,'광주광역시','NAI6242903','송정역(금호)'),(202,22,'대구광역시','NAI4124699','동대구'),(203,36,'전라남도','NAI5926308','가우도'),(204,36,'전라남도','NAI5924807','전남인재개발원'),(205,22,'대구광역시','NAI4297601','삼리'),(206,36,'전라남도','NAI5825516','160번광주완행'),(207,33,'충청북도','NAI2746901','교통대'),(208,33,'충청북도','NAI2747801','건국대(충주)'),(209,33,'충청북도','NAI2749401','살미'),(210,33,'충청북도','NAI2749601','수안보'),(211,33,'충청북도','NAI2761001','감곡'),(212,33,'충청북도','NAI2761901','생극'),(213,33,'충청북도','NAI2763601','무극'),(214,33,'충청북도','NAI2764801','삼성'),(215,33,'충청북도','NAI2766801','대소'),(216,33,'충청북도','NAI2769501','음성'),(217,33,'충청북도','NAI2773201','꽃동네'),(218,33,'충청북도','NAI2773301','맹동'),(219,33,'충청북도','NAI2773901','충북혁신도시'),(220,33,'충청북도','NAI2780501','광혜원'),(221,33,'충청북도','NAI2782001','이월'),(222,33,'충청북도','NAI2782601','사석'),(223,33,'충청북도','NAI2783101','진천'),(224,33,'충청북도','NAI2785101','덕산(충북)'),(225,33,'충청북도','NAI2787001','문백'),(226,33,'충청북도','NAI2790201','도안'),(227,33,'충청북도','NAI2793101','증평'),(228,33,'충청북도','NAI2800201','목도'),(229,33,'충청북도','NAI2800601','감물'),(230,33,'충청북도','NAI2801201','연풍삼거리'),(231,33,'충청북도','NAI2801301','연풍'),(232,33,'충청북도','NAI2801801','칠성'),(233,33,'충청북도','NAI2801802','태성'),(234,33,'충청북도','NAI2802001','수전'),(235,33,'충청북도','NAI2803301','괴산'),(236,33,'충청북도','NAI2803601','대사리'),(237,33,'충청북도','NAI2804101','소수'),(238,33,'충청북도','NAI2804501','사리'),(239,33,'충청북도','NAI2804601','유목'),(240,33,'충청북도','NAI2812001','청주북부터미널'),(241,33,'충청북도','NAI2814201','청주공항'),(242,33,'충청북도','NAI2815001','충북보건대'),(243,33,'충청북도','NAI2819901','미원'),(244,33,'충청북도','NAI2833901','율량'),(245,33,'충청북도','NAI2837001','석소(AFC)'),(246,33,'충청북도','NAI2839701','청주'),(247,33,'충청북도','NAI2848501','북청주'),(248,33,'충청북도','NAI2850301','청주대'),(249,33,'충청북도','NAI2863501','남청주'),(250,33,'충청북도','NAI2864301','청주사창'),(251,33,'충청북도','NAI2864401','충북대병원'),(252,33,'충청북도','NAI2890801','속리산'),(253,33,'충청북도','NAI2891101','보은'),(254,33,'충청북도','NAI2891202','장안(충북)'),(255,33,'충청북도','NAI2892501','원남'),(256,33,'충청북도','NAI2896301','관기'),(257,33,'충청북도','NAI2899101','장재'),(258,33,'충청북도','NAI2900601','현리'),(259,33,'충청북도','NAI2900602','안내'),(260,33,'충청북도','NAI2903301','옥천'),(261,33,'충청북도','NAI2906101','이원'),(262,33,'충청북도','NAI2910601','옥계'),(263,33,'충청북도','NAI2912001','추풍령'),(264,33,'충청북도','NAI2912701','상가리'),(265,33,'충청북도','NAI2912702','중가리'),(266,33,'충청북도','NAI2914101','영동'),(267,33,'충청북도','NAI2916601','학산'),(268,12,'세종특별시','NAI3000301','전의'),(269,12,'세종특별시','NAI3002601','조치원'),(270,12,'세종특별시','NAI3004701','봉암'),(271,12,'세종특별시','NAI3006401','종촌'),(272,12,'세종특별시','NAI3010701','세종청사'),(273,12,'세종특별시','NAI3015401','세종'),(274,34,'충청남도','NAI3100601','성환'),(275,34,'충청남도','NAI3102101','남서울대'),(276,34,'충청남도','NAI3112001','천안'),(277,34,'충청남도','NAI3115501','쌍용동'),(278,34,'충청남도','NAI3118701','계양'),(279,34,'충청남도','NAI3123201','독립기념관'),(280,34,'충청남도','NAI3125301','코리아텍'),(281,34,'충청남도','NAI3143601','밀두리'),(282,34,'충청남도','NAI3147001','천안아산(KTX)역'),(283,34,'충청남도','NAI3147701','봉강교'),(284,34,'충청남도','NAI3148401','배방정류소'),(285,34,'충청남도','NAI3149301','서부휴게소(아산)'),(286,34,'충청남도','NAI3149901','호서대'),(287,34,'충청남도','NAI3151704','아산(온양)'),(288,34,'충청남도','NAI3153401','신창'),(289,34,'충청남도','NAI3153601','신창면(읍내리)'),(290,34,'충청남도','NAI3155701','송악'),(291,34,'충청남도','NAI3173301','기지시'),(292,34,'충청남도','NAI3173801','송악신도시'),(293,34,'충청남도','NAI3174401','삽교천'),(294,34,'충청남도','NAI3174402','운정'),(295,34,'충청남도','NAI3174801','신평'),(296,34,'충청남도','NAI3175901','순성'),(297,34,'충청남도','NAI3177101','당진'),(298,34,'충청남도','NAI3178902','구룡(당)'),(299,36,'전라남도','NAI5778701','동광양'),(300,36,'전라남도','NAI5955102','장수(전남)'),(301,36,'전라남도','NAI5778702','중마동'),(302,36,'전라남도','NAI5955501','녹동'),(303,36,'전라남도','NAI5781401','태인도'),(304,36,'전라남도','NAI5790201','괴목'),(305,36,'전라남도','NAI5956001','녹동신항'),(306,36,'전라남도','NAI5956101','소록도'),(307,36,'전라남도','NAI5956401','용동'),(308,36,'전라남도','NAI5791401','곡천'),(309,36,'전라남도','NAI5792201','순천대학교'),(310,36,'전라남도','NAI5956402','금산(전남)'),(311,36,'전라남도','NAI5794001','순천북부'),(312,36,'전라남도','NAI5956403','평지'),(313,36,'전라남도','NAI5794002','순천북부(하행)'),(314,36,'전라남도','NAI5956407','금장'),(315,36,'전라남도','NAI5796001','순천'),(316,36,'전라남도','NAI5956501','석정'),(317,36,'전라남도','NAI5796201','순천역'),(318,36,'전라남도','NAI5815801','도암(화순)'),(319,36,'전라남도','NAI5815802','정천리'),(320,36,'전라남도','NAI5815803','대초리'),(321,36,'전라남도','NAI5815804','등광리'),(322,36,'전라남도','NAI5815805','지월3'),(323,36,'전라남도','NAI5815806','중장터'),(324,36,'전라남도','NAI5815807','운주'),(325,36,'전라남도','NAI5815901','춘양(전남)'),(326,36,'전라남도','NAI5816001','호암'),(327,36,'전라남도','NAI5816002','우치리'),(328,36,'전라남도','NAI5956503','일정'),(329,36,'전라남도','NAI5956504','성치'),(330,36,'전라남도','NAI5816003','행산'),(331,36,'전라남도','NAI5956505','신정'),(332,36,'전라남도','NAI5956601','월포'),(333,36,'전라남도','NAI5796401','순천역(상행)'),(334,36,'전라남도','NAI5800001','순천만박람회'),(335,36,'전라남도','NAI5801101','순천신대지구(CGV)'),(336,36,'전라남도','NAI5810105','용반'),(337,36,'전라남도','NAI5810301','분교'),(338,36,'전라남도','NAI5811501','용곡'),(339,36,'전라남도','NAI5812001','화순'),(340,36,'전라남도','NAI5815301','능주'),(341,36,'전라남도','NAI5815402','벽지리'),(342,36,'전라남도','NAI5816101','세청'),(343,36,'전라남도','NAI5816102','한지리'),(344,36,'전라남도','NAI5956603','명천'),(345,36,'전라남도','NAI5816201','청풍'),(346,36,'전라남도','NAI5956604','청석'),(347,36,'전라남도','NAI5956605','오천(전남)'),(348,36,'전라남도','NAI5956701','백양'),(349,36,'전라남도','NAI5956901','나로도'),(350,36,'전라남도','NAI5956902','신금리'),(351,36,'전라남도','NAI5963501','여천'),(352,36,'전라남도','NAI5964901','덕양'),(353,36,'전라남도','NAI5967701','제일병원(하차)'),(354,36,'전라남도','NAI5971501','여수'),(355,24,'광주광역시','NAI6111601','운암동'),(356,24,'광주광역시','NAI6111701','동운동'),(357,24,'광주광역시','NAI6116401','서방시장'),(358,24,'광주광역시','NAI6119901','문화동'),(359,24,'광주광역시','NAI6119902','문화동'),(360,24,'광주광역시','NAI6123701','광주역후문'),(361,24,'광주광역시','NAI6145601','학동'),(362,24,'광주광역시','NAI6150401','소태역'),(363,24,'광주광역시','NAI6172801','진월동'),(364,24,'광주광역시','NAI6173701','진월동'),(365,24,'광주광역시','NAI6193701','광주(유·스퀘어)'),(366,36,'전라남도','NAI6242801','영광통'),(367,24,'광주광역시','NAI6242901','송정역'),(368,39,'제주도','NAI6314601','제주'),(369,36,'전라남도','NAI5816202','대비리'),(370,36,'전라남도','NAI5816203','백운(화순)'),(371,36,'전라남도','NAI5816204','신석'),(372,36,'전라남도','NAI5816205','곰치'),(373,36,'전라남도','NAI5816301','도림'),(374,36,'전라남도','NAI5816302','초방'),(375,36,'전라남도','NAI5816401','이양'),(376,36,'전라남도','NAI5816402','금능'),(377,36,'전라남도','NAI5816403','진등'),(378,36,'전라남도','NAI5816404','강성리'),(379,36,'전라남도','NAI5816405','묵곡'),(380,36,'전라남도','NAI5816501','청영'),(381,36,'전라남도','NAI5816502','품평리'),(382,36,'전라남도','NAI5816503','오류리'),(383,36,'전라남도','NAI5816504','율계'),(384,36,'전라남도','NAI5816505','매정'),(385,36,'전라남도','NAI5816507','쌍봉'),(386,36,'전라남도','NAI5816508','쌍봉사'),(387,36,'전라남도','NAI5820301','다시'),(388,36,'전라남도','NAI5820303','백동'),(389,36,'전라남도','NAI5820901','금동(전남)'),(390,36,'전라남도','NAI5821701','나주혁신도시'),(391,36,'전라남도','NAI5825501','나주'),(392,36,'전라남도','NAI5826401','영삼거리'),(393,36,'전라남도','NAI5827401','영산포'),(394,36,'전라남도','NAI5830301','반남'),(395,36,'전라남도','NAI5831501','동창'),(396,36,'전라남도','NAI5831601','군계'),(397,36,'전라남도','NAI5840002','학동(전남)'),(398,36,'전라남도','NAI5840101','신북(전남)'),(399,36,'전라남도','NAI5840401','안노'),(400,36,'전라남도','NAI5840402','석산'),(401,36,'전라남도','NAI5840501','금정'),(402,37,'경상북도','NAI5840601','도일'),(403,36,'전라남도','NAI5840604','입석'),(404,36,'전라남도','NAI5841101','영암'),(405,36,'전라남도','NAI5841301','송평'),(406,36,'전라남도','NAI5842701','시종'),(407,36,'전라남도','NAI5842702','종남'),(408,36,'전라남도','NAI5842705','신흥(전남)'),(409,36,'전라남도','NAI5843201','오산'),(410,36,'전라남도','NAI5843306','신기'),(411,36,'전라남도','NAI5843401','삼호'),(412,36,'전라남도','NAI5843402','구림(영암)'),(413,36,'전라남도','NAI5843410','호동(영암)'),(414,36,'전라남도','NAI5843502','금강'),(415,36,'전라남도','NAI5843503','황촌마을'),(416,36,'전라남도','NAI5843705','영풍리'),(417,36,'전라남도','NAI5843706','신풍'),(418,36,'전라남도','NAI5843707','청용'),(419,36,'전라남도','NAI5843901','독천'),(420,11,'서울특별시','NAI0511601','동서울'),(421,11,'서울특별시','NAI0550201','잠실역'),(422,11,'서울특별시','NAI0550202','잠실역(중앙)'),(423,11,'서울특별시','NAI0569901','가락시장'),(424,11,'서울특별시','NAI0581601','장지역'),(425,11,'서울특별시','NAI0603802','신사동'),(426,11,'서울특별시','NAI0616401','코엑스(도심공항)'),(427,11,'서울특별시','NAI0616407','도심공항(수락상근자)'),(428,11,'서울특별시','NAI0619501','노원'),(429,11,'서울특별시','NAI0636201','수서역'),(430,11,'서울특별시','NAI0654501','서울고속버스터미널(경부)'),(431,11,'서울특별시','NAI0654601','센트럴'),(432,11,'서울특별시','NAI0671801','서울남부'),(433,11,'서울특별시','NAI0732001','여의도메리어트호텔'),(434,11,'서울특별시','NAI0750501','김포공항'),(435,11,'서울특별시','NAI0750503','김포공항(도심공항)'),(436,31,'경기도','NAI1009601','김포'),(437,23,'인천광역시','NAI2135401','부평구청'),(438,23,'인천광역시','NAI2140401','부평역'),(439,23,'인천광역시','NAI2200901','송도환승센터'),(440,23,'인천광역시','NAI2214401','석바위'),(441,23,'인천광역시','NAI2224201','인천'),(442,23,'인천광역시','NAI2238201','인천공항1터미널'),(443,23,'인천광역시','NAI2238202','인천공항2터미널'),(444,32,'강원도','NAI2401401','동송'),(445,32,'강원도','NAI2402101','이평리'),(446,32,'강원도','NAI2402901','지경리'),(447,32,'강원도','NAI2403101','문혜2리'),(448,32,'강원도','NAI2403201','문혜리'),(449,32,'강원도','NAI2404201','신철원'),(450,32,'강원도','NAI2404601','강포리'),(451,32,'강원도','NAI2405402','학포리'),(452,32,'강원도','NAI2405901','와수리'),(453,32,'강원도','NAI2406101','자등리'),(454,32,'강원도','NAI2406201','신수리'),(455,32,'강원도','NAI2406303','38연대'),(456,32,'강원도','NAI2406401','육단리'),(457,32,'강원도','NAI2406501','잠곡리'),(458,32,'강원도','NAI2410001','검문소'),(459,32,'강원도','NAI2410002','15초소'),(460,32,'강원도','NAI2410101','산양리'),(461,32,'강원도','NAI2410401','다목리'),(462,32,'강원도','NAI2410701','사단앞'),(463,32,'강원도','NAI2413401','간척사거리'),(464,32,'강원도','NAI2414801','명월리'),(465,32,'강원도','NAI2415401','사창리'),(466,32,'강원도','NAI2420001','신포리'),(467,32,'강원도','NAI2420002','어리고개'),(468,32,'강원도','NAI2420003','지촌'),(469,32,'강원도','NAI2420004','원평리'),(470,32,'강원도','NAI2420006','현지사'),(471,32,'강원도','NAI2420007','오탄리'),(472,32,'강원도','NAI2420008','오탄2리'),(473,32,'강원도','NAI2420009','지암리'),(474,32,'강원도','NAI2420010','놀미'),(475,32,'강원도','NAI2420011','아파트2'),(476,32,'강원도','NAI2420701','신동'),(477,32,'강원도','NAI2422601','두미르아파트'),(478,31,'경기도','NAI1697301','신갈(수원)'),(479,31,'경기도','NAI1697902','강남대'),(480,31,'경기도','NAI1705801','명지대'),(481,31,'경기도','NAI1706301','용인'),(482,31,'경기도','NAI1706402','기흥역'),(483,31,'경기도','NAI1709401','신갈(용인)'),(484,31,'경기도','NAI1715801','양지'),(485,31,'경기도','NAI1715901','죽산'),(486,31,'경기도','NAI1716701','좌전'),(487,31,'경기도','NAI1717801','백암'),(488,31,'경기도','NAI1730601','한국관광대'),(489,31,'경기도','NAI1733201','아미리'),(490,31,'경기도','NAI1733601','하이닉스'),(491,31,'경기도','NAI1737301','이천'),(492,31,'경기도','NAI1738701','오천'),(493,31,'경기도','NAI1738901','덕평IC'),(494,31,'경기도','NAI1738902','청강대'),(495,31,'경기도','NAI1740001','단월'),(496,31,'경기도','NAI1740701','산내리'),(497,31,'경기도','NAI1741201','호국원(이천)'),(498,31,'경기도','NAI1741401','이황리'),(499,31,'경기도','NAI1741901','장호원'),(500,31,'경기도','NAI1751601','동아방송대'),(501,31,'경기도','NAI1752001','두원공대'),(502,31,'경기도','NAI1752901','일죽'),(503,31,'경기도','NAI1754701','중앙대(안성)'),(504,31,'경기도','NAI1756101','공도'),(505,31,'경기도','NAI1756201','안성풍림'),(506,31,'경기도','NAI1758501','안성'),(507,31,'경기도','NAI1775601','송탄'),(508,31,'경기도','NAI1780601','청북고'),(509,31,'경기도','NAI1781101','청북'),(510,31,'경기도','NAI1782001','태평아파트'),(511,31,'경기도','NAI1786901','평택대'),(512,31,'경기도','NAI1787001','용이동'),(513,31,'경기도','NAI1791901','평택'),(514,11,'서울특별시','NAI0101101','수유리(수유역)'),(515,11,'서울특별시','NAI0134901','도봉산'),(516,11,'서울특별시','NAI0161301','노일초교'),(517,11,'서울특별시','NAI0162503','수락터미널(도심공항)'),(518,11,'서울특별시','NAI0170401','수락산'),(519,31,'경기도','NAI1039301','엠블호텔'),(520,31,'경기도','NAI1040902','일산(상근자)'),(521,31,'경기도','NAI1045001','고양(백석)'),(522,31,'경기도','NAI1048501','서정마을'),(523,31,'경기도','NAI1050001','고양(화정)'),(524,31,'경기도','NAI1050002','화정역(상근자)'),(525,31,'경기도','NAI1088501','교하트리플메디컬타운'),(526,31,'경기도','NAI1090401','운정(경기)'),(527,31,'경기도','NAI1251301','광탄'),(528,31,'경기도','NAI1251804','삼성'),(529,31,'경기도','NAI1252101','용문'),(530,31,'경기도','NAI1100001','연천'),(531,31,'경기도','NAI1102801','전곡'),(532,31,'경기도','NAI1110101','6사단'),(533,31,'경기도','NAI1110201','송정검문소'),(534,31,'경기도','NAI1110202','육호'),(535,31,'경기도','NAI1110601','운천'),(536,31,'경기도','NAI1110701','문암리'),(537,31,'경기도','NAI1110901','야미리'),(538,31,'경기도','NAI1110902','야미1리'),(539,31,'경기도','NAI1111002','약사'),(540,31,'경기도','NAI1111004','도평리'),(541,31,'경기도','NAI1111101','이동'),(542,31,'경기도','NAI1111501','파주골'),(543,31,'경기도','NAI1111601','일동'),(544,31,'경기도','NAI1112201','유동리'),(545,31,'경기도','NAI1112301','화현'),(546,31,'경기도','NAI1112702','성동2리'),(547,31,'경기도','NAI1112801','성동'),(548,31,'경기도','NAI1112901','양문'),(549,31,'경기도','NAI1113001','신장(경기)'),(550,31,'경기도','NAI1113701','신북(경기)'),(551,31,'경기도','NAI1113901','만세교'),(552,31,'경기도','NAI1114501','포천'),(553,31,'경기도','NAI1115901','대진대'),(554,31,'경기도','NAI1116901','송우리'),(555,31,'경기도','NAI1118401','축석고개'),(556,31,'경기도','NAI1118801','서파'),(557,31,'경기도','NAI1119201','내촌(포천)'),(558,31,'경기도','NAI1123902','세마역'),(559,31,'경기도','NAI1130702','동두천역'),(560,31,'경기도','NAI1136601','동두천'),(561,31,'경기도','NAI1141901','양주역'),(562,31,'경기도','NAI1143501','양주경찰서'),(563,31,'경기도','NAI1149601','성모병원'),(564,31,'경기도','NAI1150101','양주'),(565,31,'경기도','NAI1152302','송추IC'),(566,31,'경기도','NAI1172001','장암(주공)'),(567,31,'경기도','NAI1174901','의정부'),(568,31,'경기도','NAI1176501','성모병원(의정부)'),(569,31,'경기도','NAI1181501','민락동'),(570,31,'경기도','NAI1194401','구리'),(571,31,'경기도','NAI1201301','장현'),(572,31,'경기도','NAI1202001','광릉내'),(573,31,'경기도','NAI1210201','KCC(별내)'),(574,31,'경기도','NAI1225901','도농역'),(575,31,'경기도','NAI1242001','가평'),(576,31,'경기도','NAI1243701','현리공용'),(577,31,'경기도','NAI1244001','봉수리'),(578,31,'경기도','NAI1244101','율길리'),(579,31,'경기도','NAI1244202','태봉리'),(580,31,'경기도','NAI1244401','연하리'),(581,31,'경기도','NAI1244501','항사리'),(582,31,'경기도','NAI1244601','덕현리'),(583,31,'경기도','NAI1244701','임초리'),(584,31,'경기도','NAI1244901','청평'),(585,31,'경기도','NAI1245701','대성리'),(586,32,'강원도','NAI2570801','대진'),(587,32,'강원도','NAI2573501','동해'),(588,32,'강원도','NAI2590303','삼거리'),(589,32,'강원도','NAI2590403','하거노'),(590,32,'강원도','NAI2590502','상거노'),(591,32,'강원도','NAI2590601','도경'),(592,32,'강원도','NAI2590801','갈천'),(593,32,'강원도','NAI2591801','원당'),(594,32,'강원도','NAI2592901','삼척'),(595,32,'강원도','NAI2593601','근덕'),(596,32,'강원도','NAI2593801','장호'),(597,32,'강원도','NAI2595302','기곡'),(598,32,'강원도','NAI2595601','임원'),(599,32,'강원도','NAI2596101','호산'),(600,32,'강원도','NAI2600701','태백'),(601,32,'강원도','NAI2455901','원리'),(602,32,'강원도','NAI2456301','해안'),(603,32,'강원도','NAI2460001','서화(강원)'),(604,32,'강원도','NAI2460301','천도리'),(605,32,'강원도','NAI2460501','백담사'),(606,32,'강원도','NAI2460601','남교'),(607,32,'강원도','NAI2460603','용대삼거리'),(608,32,'강원도','NAI2460701','장수대'),(609,32,'강원도','NAI2461201','원통'),(610,32,'강원도','NAI2462201','설악산입구'),(611,32,'강원도','NAI2423501','현대아파트(춘천)'),(612,32,'강원도','NAI2426001','운교'),(613,32,'강원도','NAI2441001','당면공장'),(614,32,'강원도','NAI2443101','아파트'),(615,32,'강원도','NAI2443501','춘천'),(616,32,'강원도','NAI2446001','춘천댐'),(617,32,'강원도','NAI2446201','덕두원'),(618,32,'강원도','NAI2446301','강촌'),(619,32,'강원도','NAI2446302','안보리'),(620,32,'강원도','NAI2446401','서천2리'),(621,32,'강원도','NAI2446402','서천1리'),(622,32,'강원도','NAI2446501','남산면사무소'),(623,32,'강원도','NAI2446502','전력IT단지'),(624,32,'강원도','NAI2446503','당임리'),(625,32,'강원도','NAI2446506','강촌유원지'),(626,32,'강원도','NAI2446507','강촌역'),(627,32,'강원도','NAI2446801','발산리'),(628,32,'강원도','NAI2452401','양구'),(629,32,'강원도','NAI2454501','성심병원'),(630,32,'강원도','NAI2454901','송청리'),(631,32,'강원도','NAI2455401','양구정중앙'),(632,32,'강원도','NAI2455402','청리(강원)'),(633,32,'강원도','NAI2463501','인제'),(634,32,'강원도','NAI2463801','인제체육관'),(635,32,'강원도','NAI2464501','관대리'),(636,31,'경기도','NAI2464601','부평(시내)'),(637,32,'강원도','NAI2464701','신월'),(638,32,'강원도','NAI2464801','신남'),(639,32,'강원도','NAI2465001','신남(시내)'),(640,32,'강원도','NAI2465201','어론(시내)'),(641,32,'강원도','NAI2465801','군단앞'),(642,32,'강원도','NAI2465901','현리(강원)'),(643,32,'강원도','NAI2465902','덕다리'),(644,32,'강원도','NAI2466801','가로리(시내)'),(645,32,'강원도','NAI2471001','화진포'),(646,32,'강원도','NAI2472501','거진'),(647,32,'강원도','NAI2473401','간성'),(648,32,'강원도','NAI2474101','장신'),(649,32,'강원도','NAI2474201','진부령'),(650,32,'강원도','NAI2476801','창바위'),(651,32,'강원도','NAI2482701','속초'),(652,32,'강원도','NAI2500001','물치'),(653,32,'강원도','NAI2500701','낙산'),(654,32,'강원도','NAI2503101','양양'),(655,32,'강원도','NAI2503301','오색흘림골'),(656,32,'강원도','NAI2503302','오색등산로'),(657,32,'강원도','NAI2503303','한계령'),(658,32,'강원도','NAI2503304','오색'),(659,32,'강원도','NAI2503501','상평'),(660,32,'강원도','NAI2503701','논화리'),(661,32,'강원도','NAI2503702','송천'),(662,32,'강원도','NAI2503703','공수전'),(663,32,'강원도','NAI2503901','서림'),(664,32,'강원도','NAI2503902','황이'),(665,32,'강원도','NAI2504201','양양국제공항'),(666,32,'강원도','NAI2504401','손양'),(667,32,'강원도','NAI2504701','하조대'),(668,32,'강원도','NAI2505301','인구'),(669,32,'강원도','NAI2505801','남애리'),(670,32,'강원도','NAI2510101','팔봉산'),(671,32,'강원도','NAI2510701','남전리(시내)'),(672,32,'강원도','NAI2510801','양덕원'),(673,38,'경상남도','NAI5080201','나전(김해)'),(674,38,'경상남도','NAI5135402','고속도'),(675,38,'경상남도','NAI5135601','마산'),(676,38,'경상남도','NAI5139301','창원'),(677,38,'경상남도','NAI5146901','성산'),(678,38,'경상남도','NAI5152601','내동상가(리무진)'),(679,38,'경상남도','NAI5153601','창원남산'),(680,38,'경상남도','NAI5156701','신촌'),(681,38,'경상남도','NAI5158701','진해경찰서'),(682,38,'경상남도','NAI5160301','용원(녹산'),(683,38,'경상남도','NAI5161001','웅동'),(684,38,'경상남도','NAI5170301','진해'),(685,38,'경상남도','NAI5175001','마산남부'),(686,38,'경상남도','NAI5177501','우산'),(687,38,'경상남도','NAI5179401','진동'),(688,38,'경상남도','NAI5201101','대산'),(689,38,'경상남도','NAI5201701','함안가야'),(690,38,'경상남도','NAI5202701','칠원예곡'),(691,38,'경상남도','NAI5203502','삼봉'),(692,38,'경상남도','NAI5204101','칠원읍'),(693,38,'경상남도','NAI5204301','이수정'),(694,38,'경상남도','NAI5204902','학산'),(695,37,'경상북도','NAI3815701','경주시외'),(696,37,'경상북도','NAI3836002','사전'),(697,38,'경상남도','NAI5205402','함안면'),(698,38,'경상남도','NAI5205701','석무'),(699,38,'경상남도','NAI5205702','사평'),(700,38,'경상남도','NAI5206104','월촌'),(701,38,'경상남도','NAI5206201','우시장'),(702,38,'경상남도','NAI5206202','사도'),(703,38,'경상남도','NAI5206301','모정'),(704,38,'경상남도','NAI5206501','함안군북(39사단)'),(705,38,'경상남도','NAI5206601','죽산'),(706,38,'경상남도','NAI5210301','신반'),(707,38,'경상남도','NAI5210801','신기'),(708,38,'경상남도','NAI5210802','정곡'),(709,38,'경상남도','NAI5210901','세간'),(710,38,'경상남도','NAI5210902','야산'),(711,38,'경상남도','NAI5211601','마두'),(712,38,'경상남도','NAI5211605','양지'),(713,38,'경상남도','NAI5211606','등대'),(714,38,'경상남도','NAI5212201','적곡(경남)'),(715,38,'경상남도','NAI5212202','호미'),(716,38,'경상남도','NAI5212206','적곡(중교)'),(717,38,'경상남도','NAI5212801','용덕(경남)'),(718,38,'경상남도','NAI5213404','칠곡'),(719,38,'경상남도','NAI5213405','산남'),(720,38,'경상남도','NAI5213502','대의'),(721,38,'경상남도','NAI5213506','다사'),(722,38,'경상남도','NAI5213701','가례'),(723,38,'경상남도','NAI5213801','의령'),(724,38,'경상남도','NAI5214901','남산주유소'),(725,38,'경상남도','NAI5083101','삼계'),(726,38,'경상남도','NAI5086801','진영'),(727,34,'충청남도','NAI3181201','합덕'),(728,34,'충청남도','NAI3190901','대산'),(729,34,'충청남도','NAI3191001','대로리'),(730,34,'충청남도','NAI3192401','어송'),(731,34,'충청남도','NAI3193601','음암'),(732,34,'충청남도','NAI3193602','음암도당'),(733,34,'충청남도','NAI3194501','운산'),(734,34,'충청남도','NAI3196001','해미'),(735,34,'충청남도','NAI3196201','한서대'),(736,34,'충청남도','NAI3196202','대곡리'),(737,34,'충청남도','NAI3198101','서산'),(738,34,'충청남도','NAI3201301','인지'),(739,34,'충청남도','NAI3201701','부석'),(740,34,'충청남도','NAI3202701','고북'),(741,34,'충청남도','NAI3212301','만리포'),(742,34,'충청남도','NAI3212302','소원'),(743,34,'충청남도','NAI3213301','근흥'),(744,34,'충청남도','NAI3214401','태안'),(745,34,'충청남도','NAI3215301','남면(태안)'),(746,34,'충청남도','NAI3215401','달산'),(747,34,'충청남도','NAI3215801','남면'),(748,34,'충청남도','NAI3216201','창기리'),(749,34,'충청남도','NAI3216401','안면도'),(750,34,'충청남도','NAI3216501','승언리(안면도)'),(751,34,'충청남도','NAI3216502','꽃지'),(752,34,'충청남도','NAI3216801','중장'),(753,34,'충청남도','NAI3217201','고남'),(754,34,'충청남도','NAI3217202','영목'),(755,34,'충청남도','NAI3220001','동성'),(756,34,'충청남도','NAI3220201','갈산'),(757,34,'충청남도','NAI3221401','구항'),(758,34,'충청남도','NAI3221801','대교(충남)'),(759,37,'경상북도','NAI3843601','하양'),(760,37,'경상북도','NAI3854701','대경대학교'),(761,37,'경상북도','NAI3881001','삼창'),(762,37,'경상북도','NAI3881301','자천'),(763,37,'경상북도','NAI3881702','임고'),(764,38,'경상남도','NAI3886901','송천'),(765,37,'경상북도','NAI3888201','금호'),(766,37,'경상북도','NAI3888501','영천'),(767,37,'경상북도','NAI3902701','불로'),(768,34,'충청남도','NAI3222001','홍성'),(769,22,'대구광역시','NAI4124601','동대구'),(770,22,'대구광역시','NAI4171101','대구북부'),(771,22,'대구광역시','NAI4228801','시지'),(772,22,'대구광역시','NAI4248201','대구서부'),(773,22,'대구광역시','NAI4271801','대동'),(774,22,'대구광역시','NAI4299301','한정'),(775,22,'대구광역시','NAI4299302','차천'),(776,22,'대구광역시','NAI4300001','현풍'),(777,22,'대구광역시','NAI4300801','구지'),(778,22,'대구광역시','NAI4301201','대암'),(779,26,'울산광역시','NAI4422901','호계'),(780,26,'울산광역시','NAI4423801','울산공항'),(781,26,'울산광역시','NAI4425702','양정'),(782,26,'울산광역시','NAI4426401','화암마을'),(783,34,'충청남도','NAI3228301','금당'),(784,38,'경상남도','NAI5087401','신안마을'),(785,38,'경상남도','NAI5087404','진례'),(786,38,'경상남도','NAI5087606','초전'),(787,38,'경상남도','NAI5092201','정암'),(788,38,'경상남도','NAI5092302','성모병원(김해)'),(789,38,'경상남도','NAI5093801','김해'),(790,38,'경상남도','NAI5096001','신원(경남)'),(791,38,'경상남도','NAI5097103','냉정'),(792,34,'충청남도','NAI3229501','광천(충남)'),(793,34,'충청남도','NAI3240301','고덕'),(794,34,'충청남도','NAI3240601','덕산스파'),(795,34,'충청남도','NAI3240702','충의사'),(796,34,'충청남도','NAI3240801','덕산(충남)'),(797,34,'충청남도','NAI3241101','삽교'),(798,34,'충청남도','NAI3241601','내포시'),(799,34,'충청남도','NAI3242101','신례원'),(800,34,'충청남도','NAI3242801','예산'),(801,34,'충청남도','NAI3243801','임성동'),(802,34,'충청남도','NAI3244601','응봉'),(803,34,'충청남도','NAI3245001','대흥'),(804,34,'충청남도','NAI3245301','신양'),(805,34,'충청남도','NAI3250601','유구'),(806,34,'충청남도','NAI3251101','인풍'),(807,34,'충청남도','NAI3251201','광정'),(808,34,'충청남도','NAI3251401','모란(공주)'),(809,34,'충청남도','NAI3252501','신풍'),(810,34,'충청남도','NAI3252502','대룡'),(811,34,'충청남도','NAI3253001','우성'),(812,34,'충청남도','NAI3253801','공주(산성)'),(813,34,'충청남도','NAI3254901','봉황(공주)'),(814,34,'충청남도','NAI3258501','공주'),(815,34,'충청남도','NAI3258801','공주대.사대입구'),(816,34,'충청남도','NAI3259001','장기'),(817,34,'충청남도','NAI3260601','공주(KTX)'),(818,34,'충청남도','NAI3260701','이인'),(819,34,'충청남도','NAI3260901','탄천'),(820,34,'충청남도','NAI3261301','계룡(공주)'),(821,34,'충청남도','NAI3261801','하마루'),(822,34,'충청남도','NAI3262201','공암'),(823,34,'충청남도','NAI3262601','동학사'),(824,34,'충청남도','NAI3270101','복수'),(825,34,'충청남도','NAI3271401','마전(충남)'),(826,34,'충청남도','NAI3271801','새말'),(827,34,'충청남도','NAI3272102','인삼랜드(하)'),(828,34,'충청남도','NAI3273501','금산'),(829,34,'충청남도','NAI3275401','부리'),(830,34,'충청남도','NAI3280102','남선'),(831,34,'충청남도','NAI3281401','양정'),(832,34,'충청남도','NAI3290201','노성'),(833,38,'경상남도','NAI5100701','장유'),(834,37,'경상북도','NAI3911701','선산'),(835,37,'경상북도','NAI3917001','옥계'),(836,37,'경상북도','NAI3923301','구미'),(837,37,'경상북도','NAI3926701','구미공단'),(838,37,'경상북도','NAI3937501','구미복지'),(839,37,'경상북도','NAI3937502','구미복지'),(840,37,'경상북도','NAI3942601','구미인동'),(841,37,'경상북도','NAI3952901','김천IC'),(842,37,'경상북도','NAI3958601','김천'),(843,37,'경상북도','NAI4002701','성주'),(844,37,'경상북도','NAI4005301','용정'),(845,37,'경상북도','NAI4006401','윤동'),(846,37,'경상북도','NAI4006601','남은동'),(847,37,'경상북도','NAI4012102','화암2리'),(848,37,'경상북도','NAI4013501','고령'),(849,37,'경상북도','NAI4014001','묘산'),(850,37,'경상북도','NAI4014602','광도'),(851,37,'경상북도','NAI4014801','오사'),(852,37,'경상북도','NAI4015201','도진'),(853,37,'경상북도','NAI4015202','황성'),(854,37,'경상북도','NAI4015302','부례관광지'),(855,37,'경상북도','NAI4016001','안림'),(856,37,'경상북도','NAI4016002','하림'),(857,37,'경상북도','NAI4016201','안담'),(858,37,'경상북도','NAI4016301','귀원'),(859,37,'경상북도','NAI4016501','쌍림'),(860,37,'경상북도','NAI4016502','지릿재'),(861,37,'경상북도','NAI4016504','웃담'),(862,22,'대구광역시','NAI4105201','대구공항'),(863,22,'대구광역시','NAI4114901','용계'),(864,38,'경상남도','NAI5101101','장유'),(865,38,'경상남도','NAI5102102','장유부곡'),(866,38,'경상남도','NAI5110801','월촌'),(867,38,'경상남도','NAI5112303','신곡'),(868,38,'경상남도','NAI5112402','가술'),(869,38,'경상남도','NAI5112403','대산'),(870,38,'경상남도','NAI5112503','동읍'),(871,38,'경상남도','NAI5119101','창원역'),(872,38,'경상남도','NAI5121601','내서'),(873,38,'경상남도','NAI5130101','마산역'),(874,26,'울산광역시','NAI4463201','울산신복'),(875,26,'울산광역시','NAI4463202','신복(금아)'),(876,26,'울산광역시','NAI4472001','울산'),(877,26,'울산광역시','NAI4494601','언양'),(878,34,'충청남도','NAI3290501','상월'),(879,34,'충청남도','NAI3291301','연산정보고'),(880,34,'충청남도','NAI3293601','강경'),(881,34,'충청남도','NAI3295401','논산'),(882,34,'충청남도','NAI3300801','연무대'),(883,34,'충청남도','NAI3301101','논산TG'),(884,34,'충청남도','NAI3301103','동산(연무)'),(885,34,'충청남도','NAI3301401','황화'),(886,34,'충청남도','NAI3302001','은진'),(887,34,'충청남도','NAI3310501','외산'),(888,34,'충청남도','NAI3310801','회곡'),(889,34,'충청남도','NAI3311101','은산(부여)'),(890,34,'충청남도','NAI3312301','규암'),(891,34,'충청남도','NAI3315201','부여'),(892,34,'충청남도','NAI3317601','십자가'),(893,34,'충청남도','NAI3319201','논티'),(894,34,'충청남도','NAI3319501','내산'),(895,34,'충청남도','NAI3320501','옥산(충남)'),(896,34,'충청남도','NAI3320502','신안(충남)'),(897,34,'충청남도','NAI3331501','운곡'),(898,34,'충청남도','NAI3331601','비봉'),(899,34,'충청남도','NAI3332601','청양'),(900,34,'충청남도','NAI3334501','주정'),(901,34,'충청남도','NAI3334601','정산'),(902,34,'충청남도','NAI3334602','마티'),(903,34,'충청남도','NAI3335901','목면'),(904,34,'충청남도','NAI3336201','미당'),(905,34,'충청남도','NAI3341401','주포'),(906,34,'충청남도','NAI3341501','주교'),(907,34,'충청남도','NAI3341801','청소'),(908,34,'충청남도','NAI3342401','청라'),(909,21,'부산광역시','NAI4603301','좌천'),(910,21,'부산광역시','NAI4606101','기장'),(911,21,'부산광역시','NAI4620401','부산동부'),(912,21,'부산광역시','NAI4671801','김해공항'),(913,21,'부산광역시','NAI4674502','경마장'),(914,21,'부산광역시','NAI4696901','부산서부(사상)'),(915,34,'충청남도','NAI3345801','보령(대천)'),(916,34,'충청남도','NAI3348501','성주(충남)'),(917,34,'충청남도','NAI3348901','대천욕장'),(918,34,'충청남도','NAI3349701','남포(보령)'),(919,34,'충청남도','NAI3351230','도화담'),(920,34,'충청남도','NAI3352201','웅천(보령)'),(921,34,'충청남도','NAI3360801','비인'),(922,34,'충청남도','NAI3361101','종천'),(923,34,'충청남도','NAI3361501','판교(충남)'),(924,34,'충청남도','NAI3364501','서천'),(925,34,'충청남도','NAI3367401','장항'),(926,25,'대전광역시','NAI3403801','북대전IC'),(927,25,'대전광역시','NAI3405501','대전도룡'),(928,25,'대전광역시','NAI3410701','통합병원'),(929,25,'대전광역시','NAI3411201','대덕문화센터'),(930,25,'대전광역시','NAI3417501','유성'),(931,25,'대전광역시','NAI3455101','대전복합'),(932,25,'대전광역시','NAI3455102','대전(원남)'),(933,25,'대전광역시','NAI3463901','대전신흥'),(934,25,'대전광역시','NAI3482301','용두동'),(935,25,'대전광역시','NAI3498701','대전서남부'),(936,25,'대전광역시','NAI3504801','대전부사'),(937,25,'대전광역시','NAI3520501','대전청사'),(938,25,'대전광역시','NAI3520502','대전청사(공항선)'),(939,25,'대전광역시','NAI3533501','도마동'),(940,25,'대전광역시','NAI3536502','건양대병원'),(941,37,'경상북도','NAI3604501','풍기IC'),(942,37,'경상북도','NAI3607801','영주'),(943,37,'경상북도','NAI3609901','꽃동산'),(944,37,'경상북도','NAI3614401','장수(경북)'),(945,37,'경상북도','NAI3617502','평은'),(946,37,'경상북도','NAI3621401','춘양'),(947,37,'경상북도','NAI3623801','봉화(경북)'),(948,21,'부산광역시','NAI4773401','부산동래'),(949,21,'부산광역시','NAI4781201','동래고교'),(950,21,'부산광역시','NAI4809501','부산해운대'),(951,38,'경상남도','NAI5000101','서상(남덕유산)'),(952,38,'경상남도','NAI5000601','봉산'),(953,38,'경상남도','NAI5001201','안의'),(954,38,'경상남도','NAI5001601','죽산'),(955,38,'경상남도','NAI5002201','수동(함양)'),(956,37,'경상북도','NAI3626501','광비'),(957,37,'경상북도','NAI3626601','현동'),(958,37,'경상북도','NAI3627102','대현'),(959,37,'경상북도','NAI3630101','삼근'),(960,37,'경상북도','NAI3630501','부구'),(961,37,'경상북도','NAI3631601','죽변'),(962,37,'경상북도','NAI3632601','울진'),(963,37,'경상북도','NAI3633601','구산'),(964,37,'경상북도','NAI3633602','성류굴'),(965,37,'경상북도','NAI3633901','매화'),(966,37,'경상북도','NAI3634801','기성'),(967,37,'경상북도','NAI3635201','사동'),(968,37,'경상북도','NAI3635801','온정'),(969,37,'경상북도','NAI3636401','월송'),(970,37,'경상북도','NAI3636601','평해'),(971,37,'경상북도','NAI3636901','후포'),(972,37,'경상북도','NAI3637001','삼율(후포)'),(973,37,'경상북도','NAI3640501','병곡(경북)'),(974,37,'경상북도','NAI3641101','영해'),(975,37,'경상북도','NAI3641401','영덕병원앞'),(976,37,'경상북도','NAI3641901','도곡'),(977,37,'경상북도','NAI3643101','영덕'),(978,37,'경상북도','NAI3644202','원전'),(979,37,'경상북도','NAI3645901','강구'),(980,37,'경상북도','NAI3646301','장사'),(981,38,'경상남도','NAI5003901','함양'),(982,38,'경상남도','NAI5005502','삼봉'),(983,38,'경상남도','NAI5010302','위천'),(984,38,'경상남도','NAI5012001','가조'),(985,38,'경상남도','NAI5020001','해인사'),(986,38,'경상남도','NAI5020101','가야'),(987,38,'경상남도','NAI5020601','야로'),(988,38,'경상남도','NAI5020602','분기'),(989,38,'경상남도','NAI5020801','평촌'),(990,38,'경상남도','NAI5020802','묘산'),(991,38,'경상남도','NAI5020804','안성(합천)'),(992,38,'경상남도','NAI5020806','가산'),(993,38,'경상남도','NAI5020902','관기(합천)'),(994,38,'경상남도','NAI5021501','중촌'),(995,38,'경상남도','NAI5021801','쌍백'),(996,38,'경상남도','NAI5022101','내동'),(997,38,'경상남도','NAI5022201','삼가'),(998,38,'경상남도','NAI5022704','내곡(합천)'),(999,38,'경상남도','NAI5023301','합천'),(1000,38,'경상남도','NAI5024001','대양'),(1001,38,'경상남도','NAI5024201','율곡'),(1002,37,'경상북도','NAI3653301','영양'),(1003,37,'경상북도','NAI3654601','입암'),(1004,37,'경상북도','NAI3655301','방전'),(1005,37,'경상북도','NAI3656001','석보'),(1006,37,'경상북도','NAI3661401','옹천'),(1007,37,'경상북도','NAI3661601','과학대(안동)'),(1008,37,'경상북도','NAI3661901','상리동'),(1009,37,'경상북도','NAI3662101','풍산'),(1010,37,'경상북도','NAI3663601','안동'),(1011,37,'경상북도','NAI3664602','태화오거리'),(1012,37,'경상북도','NAI3668701','신안'),(1013,37,'경상북도','NAI3669901','안동(운흥)'),(1014,37,'경상북도','NAI3672001','용상'),(1015,37,'경상북도','NAI3672801','안동대'),(1016,37,'경상북도','NAI3673201','임동'),(1017,37,'경상북도','NAI3673202','지동(임동)'),(1018,37,'경상북도','NAI3673501','길안'),(1019,38,'경상남도','NAI5030101','이방'),(1020,38,'경상남도','NAI5030801','무솔'),(1021,38,'경상남도','NAI5030901','신당'),(1022,38,'경상남도','NAI5031002','모전'),(1023,38,'경상남도','NAI5031003','모지'),(1024,38,'경상남도','NAI5031101','대견'),(1025,38,'경상남도','NAI5031102','십이리'),(1026,38,'경상남도','NAI5031103','성산(창녕군)'),(1027,38,'경상남도','NAI5031701','왕산'),(1028,38,'경상남도','NAI5032301','창녕'),(1029,38,'경상남도','NAI5035701','남지'),(1030,38,'경상남도','NAI5036501','부곡'),(1031,38,'경상남도','NAI5036502','수다'),(1032,38,'경상남도','NAI5041701','동화(태룡)'),(1033,38,'경상남도','NAI5042301','밀양'),(1034,38,'경상남도','NAI5044903','예림'),(1035,38,'경상남도','NAI5025302','적교'),(1036,37,'경상북도','NAI3675601','일직'),(1037,37,'경상북도','NAI3675901','경북도청'),(1038,37,'경상북도','NAI3680201','상리'),(1039,37,'경상북도','NAI3680901','유동'),(1040,37,'경상북도','NAI3681101','감천'),(1041,37,'경상북도','NAI3682301','예천삼거리'),(1042,37,'경상북도','NAI3682601','예천'),(1043,37,'경상북도','NAI3682801','삼거리'),(1044,37,'경상북도','NAI3684101','가동'),(1045,37,'경상북도','NAI3684102','유천(경북)'),(1046,37,'경상북도','NAI3684202','부대후문'),(1047,37,'경상북도','NAI3684203','연천(경북)'),(1048,37,'경상북도','NAI3684403','개포'),(1049,37,'경상북도','NAI3684901','경북도청(신)'),(1050,37,'경상북도','NAI3685801','용궁'),(1051,37,'경상북도','NAI3685802','용궁역'),(1052,37,'경상북도','NAI3686601','풍양'),(1053,37,'경상북도','NAI3691701','문경'),(1054,37,'경상북도','NAI3692601','마성'),(1055,37,'경상북도','NAI3693701','산양'),(1056,37,'경상북도','NAI3693703','용덕(경북)'),(1057,37,'경상북도','NAI3695102','점촌'),(1058,37,'경상북도','NAI3696701','점촌북부'),(1059,37,'경상북도','NAI3699601','가은'),(1060,37,'경상북도','NAI3710201','화북'),(1061,37,'경상북도','NAI3711801','함창'),(1062,37,'경상북도','NAI3711802','함창시내'),(1063,37,'경상북도','NAI3713201','양정(경북)'),(1064,37,'경상북도','NAI3713601','연풍'),(1065,37,'경상북도','NAI3713901','화령'),(1066,37,'경상북도','NAI3714101','평온'),(1067,37,'경상북도','NAI3714901','내서'),(1068,37,'경상북도','NAI3715101','낙서'),(1069,37,'경상북도','NAI3718101','상주시외'),(1070,37,'경상북도','NAI3718102','상주시내'),(1071,37,'경상북도','NAI3722301','상주대'),(1072,37,'경상북도','NAI3722401','경북대(상주)'),(1073,38,'경상남도','NAI5050201','통도사'),(1074,38,'경상남도','NAI5053601','서창'),(1075,38,'경상남도','NAI5062901','양산'),(1076,11,'서울특별시','NAI0499101','대공원 후문'),(1077,11,'서울특별시','NAI0215101','상봉'),(1078,11,'서울특별시','NAI0271902','정릉(도심공항)'),(1079,11,'서울특별시','NAI0393701','마포구청역'),(1080,31,'경기도','NAI1302301','하남BRT'),(1081,31,'경기도','NAI1310901','가천대'),(1082,31,'경기도','NAI1332601','모란역'),(1083,31,'경기도','NAI1336401','모란시장'),(1084,31,'경기도','NAI1349701','성남'),(1085,31,'경기도','NAI1359001','풍림'),(1086,31,'경기도','NAI1359101','서현역'),(1087,31,'경기도','NAI1399201','안양역'),(1088,31,'경기도','NAI1403901','비산동'),(1089,31,'경기도','NAI1407201','범계역'),(1090,31,'경기도','NAI1407301','범계'),(1091,31,'경기도','NAI1407701','호계동'),(1092,31,'경기도','NAI1423601','광명(철산역)'),(1093,31,'경기도','NAI1434701','광명'),(1094,31,'경기도','NAI1454501','부천'),(1095,31,'경기도','NAI1459901','송내역'),(1096,31,'경기도','NAI1474301','송내'),(1097,31,'경기도','NAI1506601','시흥'),(1098,23,'인천광역시','NAI1506602','이마트'),(1099,31,'경기도','NAI1529901','안산터미널'),(1100,31,'경기도','NAI1543101','안산역'),(1101,31,'경기도','NAI1553801','상록수'),(1102,31,'경기도','NAI1588001','군포'),(1103,31,'경기도','NAI1606601','의왕TG'),(1104,31,'경기도','NAI1607601','고천'),(1105,31,'경기도','NAI1607801','의왕'),(1106,31,'경기도','NAI1622801','수원광교박물관'),(1107,31,'경기도','NAI1624001','우만동'),(1108,31,'경기도','NAI1640501','서수원'),(1109,31,'경기도','NAI1651001','이의동'),(1110,31,'경기도','NAI1654501','영통'),(1111,31,'경기도','NAI1658501','수원터미널'),(1112,31,'경기도','NAI1669001','망포역'),(1113,31,'경기도','NAI1671301','영통입구'),(1114,31,'경기도','NAI1689601','죽전'),(1115,31,'경기도','NAI1694901','신갈영덕'),(1116,31,'경기도','NAI1649501','광교(중기센터)'),(1117,31,'경기도','NAI1650001','아주대'),(1118,31,'경기도','NAI1253001','용두(양평)'),(1119,31,'경기도','NAI1253002','비룡리(시내)'),(1120,31,'경기도','NAI1255901','양평'),(1121,31,'경기도','NAI1258001','국수리'),(1122,31,'경기도','NAI1260003','용담리'),(1123,31,'경기도','NAI1260801','천서리'),(1124,31,'경기도','NAI1263101','여주'),(1125,31,'경기도','NAI1264701','능서'),(1126,31,'경기도','NAI1265201','여주대'),(1127,31,'경기도','NAI1266201','여주태평리'),(1128,31,'경기도','NAI1266301','태평리'),(1129,31,'경기도','NAI1275701','광주(경기)'),(1130,32,'강원도','NAI2604401','문곡'),(1131,32,'강원도','NAI2613201','정선'),(1132,37,'경상북도','NAI2614302','낙동'),(1133,32,'강원도','NAI2614801','증산'),(1134,32,'강원도','NAI2615001','사북'),(1135,32,'강원도','NAI2615301','강원랜드'),(1136,32,'강원도','NAI2615501','고한사북공영'),(1137,32,'강원도','NAI2620301','주천'),(1138,32,'강원도','NAI2620902','마차'),(1139,32,'강원도','NAI2621401','쌍용'),(1140,32,'강원도','NAI2621701','연당'),(1141,32,'강원도','NAI2623601','영월'),(1142,32,'강원도','NAI2624201','석항'),(1143,32,'강원도','NAI2624301','녹전'),(1144,32,'강원도','NAI2624601','예미'),(1145,32,'강원도','NAI2624801','내덕'),(1146,32,'강원도','NAI2624802','상동'),(1147,32,'강원도','NAI2630201','샘골'),(1148,32,'강원도','NAI2634101','우산동'),(1149,32,'강원도','NAI2636801','문막'),(1150,32,'강원도','NAI2638201','원주'),(1151,32,'강원도','NAI2640101','흥업'),(1152,32,'강원도','NAI2645301','단구동'),(1153,32,'강원도','NAI2650601','신림'),(1154,32,'강원도','NAI2650801','황둔'),(1155,33,'충청북도','NAI2700301','매포'),(1156,33,'충청북도','NAI2701101','단양'),(1157,33,'충청북도','NAI2702001','구인사'),(1158,33,'충청북도','NAI2710401','백운'),(1159,33,'충청북도','NAI2710501','백운'),(1160,33,'충청북도','NAI2711701','봉양'),(1161,33,'충청북도','NAI2716501','제천'),(1162,33,'충청북도','NAI2730301','용포'),(1163,33,'충청북도','NAI2731301','엄정'),(1164,33,'충청북도','NAI2731501','산척'),(1165,33,'충청북도','NAI2732901','목행'),(1166,33,'충청북도','NAI2736001','충주'),(1167,33,'충청북도','NAI2745701','용원(충북)'),(1168,33,'충청북도','NAI2746201','주덕'),(1169,33,'충청북도','NAI2746601','본리정류소'),(1170,38,'경상남도','NAI5240301','도마'),(1171,38,'경상남도','NAI5240302','오곡'),(1172,38,'경상남도','NAI5240401','대사'),(1173,38,'경상남도','NAI5240402','차면'),(1174,38,'경상남도','NAI5241401','남해'),(1175,36,'전라남도','NAI5901803','계곡(해남)'),(1176,36,'전라남도','NAI5901804','장소'),(1177,36,'전라남도','NAI5901901','이일시'),(1178,36,'전라남도','NAI5901902','황죽'),(1179,36,'전라남도','NAI5902001','맹진리'),(1180,36,'전라남도','NAI5902004','마산(해남)'),(1181,36,'전라남도','NAI5902102','영안'),(1182,36,'전라남도','NAI5902105','영신(해남)'),(1183,36,'전라남도','NAI5902107','옥천(해남)'),(1184,36,'전라남도','NAI5903801','해남'),(1185,36,'전라남도','NAI5904901','좌일'),(1186,36,'전라남도','NAI5904903','안호'),(1187,36,'전라남도','NAI5904904','화산(해남)'),(1188,36,'전라남도','NAI5904905','흑석'),(1189,36,'전라남도','NAI5905102','흥촌'),(1190,36,'전라남도','NAI5905501','남창'),(1191,36,'전라남도','NAI5905601','서홍리'),(1192,36,'전라남도','NAI5905602','이진'),(1193,36,'전라남도','NAI5905702','평암'),(1194,36,'전라남도','NAI5905802','현산'),(1195,36,'전라남도','NAI5905902','두모리'),(1196,36,'전라남도','NAI5905903','백포'),(1197,36,'전라남도','NAI5906101','월송'),(1198,36,'전라남도','NAI5906102','서정'),(1199,36,'전라남도','NAI5906201','해원'),(1200,36,'전라남도','NAI5906301','산정'),(1201,36,'전라남도','NAI5906302','어란'),(1202,36,'전라남도','NAI5906308','동현'),(1203,36,'전라남도','NAI5906309','미야(미황)'),(1204,36,'전라남도','NAI5906310','영평'),(1205,36,'전라남도','NAI5906312','가차리'),(1206,36,'전라남도','NAI5906401','송종'),(1207,36,'전라남도','NAI5906502','땅끝'),(1208,36,'전라남도','NAI5906601','사구리'),(1209,36,'전라남도','NAI5906602','통호리'),(1210,36,'전라남도','NAI5906705','장춘'),(1211,36,'전라남도','NAI5910101','원동'),(1212,36,'전라남도','NAI5911001','도암'),(1213,36,'전라남도','NAI5911401','완도'),(1214,36,'전라남도','NAI5912901','장용'),(1215,36,'전라남도','NAI5913001','고금'),(1216,36,'전라남도','NAI5913002','석치'),(1217,37,'경상북도','NAI5243501','사촌'),(1218,36,'전라남도','NAI5913202','덕동(고금)'),(1219,38,'경상남도','NAI5243601','가천'),(1220,38,'경상남도','NAI5244104','두모'),(1221,38,'경상남도','NAI5244501','전도'),(1222,38,'경상남도','NAI5250401','곤양'),(1223,38,'경상남도','NAI5250901','축동'),(1224,38,'경상남도','NAI5251001','원계'),(1225,38,'경상남도','NAI5251601','사천공항'),(1226,38,'경상남도','NAI5251801','사천'),(1227,38,'경상남도','NAI5252502','정동'),(1228,38,'경상남도','NAI5253607','사천사남'),(1229,38,'경상남도','NAI5253902','사천시청(용현)'),(1230,38,'경상남도','NAI5253904','덕곡'),(1231,36,'전라남도','NAI5913205','내동(완도)'),(1232,38,'경상남도','NAI5254601','대포'),(1233,38,'경상남도','NAI5255901','삼천포'),(1234,38,'경상남도','NAI5263901','지내'),(1235,38,'경상남도','NAI5272201','술상'),(1236,36,'전라남도','NAI5844605','대촌'),(1237,36,'전라남도','NAI5913402','화가'),(1238,38,'경상남도','NAI5275901','진주'),(1239,36,'전라남도','NAI5844701','세한대'),(1240,38,'경상남도','NAI5275902','진주(직통)'),(1241,36,'전라남도','NAI5913404','천동(완도)'),(1242,38,'경상남도','NAI5275903','진주'),(1243,38,'경상남도','NAI5275907','진주'),(1244,38,'경상남도','NAI5275908','진주'),(1245,36,'전라남도','NAI5913601','당목'),(1246,36,'전라남도','NAI5914601','명사십리'),(1247,38,'경상남도','NAI5215801','중리'),(1248,36,'전라남도','NAI5920006','월남(강진)'),(1249,36,'전라남도','NAI5920301','순북'),(1250,36,'전라남도','NAI5920601','성전'),(1251,36,'전라남도','NAI5920801','옴천'),(1252,36,'전라남도','NAI5920803','연동'),(1253,36,'전라남도','NAI5921201','작천'),(1254,36,'전라남도','NAI5921401','병영'),(1255,36,'전라남도','NAI5921704','교동'),(1256,36,'전라남도','NAI5922402','갈전'),(1257,38,'경상남도','NAI5282201','거창'),(1258,38,'경상남도','NAI5282202','개양(진주)'),(1259,38,'경상남도','NAI5284701','예하(진주시)'),(1260,38,'경상남도','NAI5290001','옵실'),(1261,38,'경상남도','NAI5290401','봉치'),(1262,38,'경상남도','NAI5290601','영현'),(1263,38,'경상남도','NAI5290602','영부'),(1264,38,'경상남도','NAI5291201','마암(개천)'),(1265,38,'경상남도','NAI5291401','원진'),(1266,38,'경상남도','NAI5291501','배둔'),(1267,38,'경상남도','NAI5291701','어신'),(1268,38,'경상남도','NAI5291801','군진'),(1269,38,'경상남도','NAI5291802','장기'),(1270,38,'경상남도','NAI5291803','검포'),(1271,38,'경상남도','NAI5292514','좌이'),(1272,38,'경상남도','NAI5292515','구만일주'),(1273,38,'경상남도','NAI5292520','당항포'),(1274,38,'경상남도','NAI5292701','법촌'),(1275,38,'경상남도','NAI5292803','암전'),(1276,36,'전라남도','NAI5844902','신촌(전남)'),(1277,38,'경상남도','NAI5292902','양화리(고성)'),(1278,38,'경상남도','NAI5220401','생초'),(1279,38,'경상남도','NAI5220801','양촌(산청)'),(1280,38,'경상남도','NAI5221801','산청'),(1281,38,'경상남도','NAI5224404','구만(양산)'),(1282,38,'경상남도','NAI5224601','구사'),(1283,38,'경상남도','NAI5224901','원지'),(1284,38,'경상남도','NAI5225501','송계'),(1285,38,'경상남도','NAI5230302','화개공용'),(1286,38,'경상남도','NAI5230401','화개'),(1287,38,'경상남도','NAI5293101','고성(경남)'),(1288,36,'전라남도','NAI5923401','강진(전남)'),(1289,38,'경상남도','NAI5293120','상원입구'),(1290,38,'경상남도','NAI5293121','황리'),(1291,38,'경상남도','NAI5293122','예포'),(1292,38,'경상남도','NAI5293124','화당'),(1293,38,'경상남도','NAI5293125','송정일주'),(1294,38,'경상남도','NAI5293126','척곡'),(1295,38,'경상남도','NAI5293127','장전입구'),(1296,38,'경상남도','NAI5293128','갈천/외갈'),(1297,38,'경상남도','NAI5293129','대법/대촌'),(1298,38,'경상남도','NAI5293130','종생/어실'),(1299,38,'경상남도','NAI5293131','연화/신부'),(1300,38,'경상남도','NAI5293133','무량/평동'),(1301,38,'경상남도','NAI5293134','세동/관동'),(1302,38,'경상남도','NAI5293137','양산/매월'),(1303,38,'경상남도','NAI5293139','개천/옥천사'),(1304,38,'경상남도','NAI5293140','영대/옥동'),(1305,38,'경상남도','NAI5293144','녹명'),(1306,38,'경상남도','NAI5293301','이당'),(1307,38,'경상남도','NAI5293302','독곡'),(1308,38,'경상남도','NAI5293401','수남사거리'),(1309,38,'경상남도','NAI5295102','상리(고성)'),(1310,38,'경상남도','NAI5295201','망림'),(1311,38,'경상남도','NAI5295301','부포'),(1312,38,'경상남도','NAI5295502','수양'),(1313,38,'경상남도','NAI5296101','하이'),(1314,38,'경상남도','NAI5302001','통영'),(1315,38,'경상남도','NAI5303201','동부'),(1316,36,'전라남도','NAI5923501','신안(전남)'),(1317,38,'경상남도','NAI5303802','무전동'),(1318,36,'전라남도','NAI5846102','도움전'),(1319,36,'전라남도','NAI5846104','난대(영암)'),(1320,36,'전라남도','NAI5850201','해제'),(1321,36,'전라남도','NAI5850801','양월'),(1322,36,'전라남도','NAI5850901','현경'),(1323,36,'전라남도','NAI5851101','송정리'),(1324,36,'전라남도','NAI5852401','무안(전남)'),(1325,36,'전라남도','NAI5853301','무안공항'),(1326,36,'전라남도','NAI5855301','청계'),(1327,36,'전라남도','NAI5855401','목포대'),(1328,36,'전라남도','NAI5856201','도청앞'),(1329,36,'전라남도','NAI5856701','남악'),(1330,36,'전라남도','NAI5864201','목포'),(1331,36,'전라남도','NAI5872401','남교'),(1332,36,'전라남도','NAI5881201','점암'),(1333,36,'전라남도','NAI5881301','지도'),(1334,36,'전라남도','NAI5890001','녹진'),(1335,36,'전라남도','NAI5892201','진도'),(1336,36,'전라남도','NAI5892801','지도'),(1337,36,'전라남도','NAI5893607','쏠비치진도'),(1338,36,'전라남도','NAI5894501','굴포'),(1339,36,'전라남도','NAI5900101','구지'),(1340,36,'전라남도','NAI5900102','별암리'),(1341,36,'전라남도','NAI5900201','화원'),(1342,36,'전라남도','NAI5900302','무고'),(1343,36,'전라남도','NAI5900303','갈우리'),(1344,36,'전라남도','NAI5900401','우수영'),(1345,36,'전라남도','NAI5900501','원문'),(1346,36,'전라남도','NAI5900601','옥동(전남)'),(1347,36,'전라남도','NAI5900605','소정'),(1348,36,'전라남도','NAI5900610','송산(해남)'),(1349,36,'전라남도','NAI5900701','남리'),(1350,36,'전라남도','NAI5900705','연당'),(1351,36,'전라남도','NAI5900802','일신'),(1352,36,'전라남도','NAI5900901','한자리'),(1353,36,'전라남도','NAI5901101','대진리'),(1354,36,'전라남도','NAI5901102','초송'),(1355,36,'전라남도','NAI5901201','덕호리'),(1356,36,'전라남도','NAI5901202','노송리'),(1357,36,'전라남도','NAI5901402','흑두리'),(1358,36,'전라남도','NAI5901601','육일시'),(1359,36,'전라남도','NAI5901603','연구'),(1360,36,'전라남도','NAI5901604','학의리'),(1361,38,'경상남도','NAI5320101','장목'),(1362,38,'경상남도','NAI5322401','옥포'),(1363,38,'경상남도','NAI5325101','거제(고현)'),(1364,38,'경상남도','NAI5327801','사곡(거제)'),(1365,38,'경상남도','NAI5331601','장승포'),(1366,38,'경상남도','NAI5333402','해금강'),(1367,35,'전라북도','NAI5403701','군산'),(1368,35,'전라북도','NAI5406001','대야'),(1369,35,'전라북도','NAI5415001','군산대'),(1370,35,'전라북도','NAI5430701','만경'),(1371,35,'전라북도','NAI5437901','김제'),(1372,35,'전라북도','NAI5452001','여산'),(1373,35,'전라북도','NAI5457602','익산왕궁'),(1374,35,'전라북도','NAI5467401','익산'),(1375,35,'전라북도','NAI5480801','호남제일문'),(1376,35,'전라북도','NAI5490001','덕진동'),(1377,35,'전라북도','NAI5493301','전주시외터미널'),(1378,35,'전라북도','NAI5493302','전주 안골'),(1379,35,'전라북도','NAI5493401','전주(리무진터미널)'),(1380,35,'전라북도','NAI5504201','전동'),(1381,35,'전라북도','NAI5504701','완산동'),(1382,35,'전라북도','NAI5504901','서부시장'),(1383,35,'전라북도','NAI5508001','효자현대@(전주)'),(1384,36,'전라남도','NAI5901701','방춘리'),(1385,35,'전라북도','NAI5511901','평화동'),(1386,36,'전라남도','NAI5901702','여수리'),(1387,38,'경상남도','NAI5231802','남포'),(1388,36,'전라남도','NAI5901703','둔주포'),(1389,36,'전라남도','NAI5901704','가학리'),(1390,36,'전라남도','NAI5901705','사정리'),(1391,38,'경상남도','NAI5232501','하동'),(1392,36,'전라남도','NAI5924601','구성'),(1393,36,'전라남도','NAI5925102','송학(전남)'),(1394,36,'전라남도','NAI5925501','삼신'),(1395,36,'전라남도','NAI5925601','관덕'),(1396,36,'전라남도','NAI5926101','칠량'),(1397,36,'전라남도','NAI5926201','장계리'),(1398,36,'전라남도','NAI5901706','반계'),(1399,35,'전라북도','NAI5530701','원산'),(1400,35,'전라북도','NAI5531301','익산IC'),(1401,35,'전라북도','NAI5532101','둔산공원'),(1402,35,'전라북도','NAI5536501','전북(완주)혁신도시'),(1403,35,'전라북도','NAI5540001','대불'),(1404,35,'전라북도','NAI5540101','용덕(전북)'),(1405,35,'전라북도','NAI5540501','송풍'),(1406,35,'전라북도','NAI5540702','백화리'),(1407,35,'전라북도','NAI5540703','백화재'),(1408,35,'전라북도','NAI5541101','금지'),(1409,35,'전라북도','NAI5541801','송대'),(1410,35,'전라북도','NAI5541802','언건'),(1411,35,'전라북도','NAI5544601','동향'),(1412,35,'전라북도','NAI5545601','원촌'),(1413,35,'전라북도','NAI5550001','가당리'),(1414,35,'전라북도','NAI5550003','상평당'),(1415,35,'전라북도','NAI5550201','상굴암'),(1416,35,'전라북도','NAI5550202','굴암입구'),(1417,35,'전라북도','NAI5550203','밤소'),(1418,35,'전라북도','NAI5550301','유평'),(1419,35,'전라북도','NAI5550401','장안리'),(1420,35,'전라북도','NAI5550402','고창리'),(1421,35,'전라북도','NAI5550403','식암리'),(1422,38,'경상남도','NAI5233301','동산'),(1423,36,'전라남도','NAI5901708','덕정리(전남)'),(1424,38,'경상남도','NAI5234101','상촌'),(1425,38,'경상남도','NAI5234201','양포'),(1426,38,'경상남도','NAI5234401','진교'),(1427,38,'경상남도','NAI5235002','노량/대교'),(1428,38,'경상남도','NAI5235101','대치'),(1429,38,'경상남도','NAI5235203','노량'),(1430,11,'서울특별시','NAI0750508','김포공항(상근자)'),(1431,36,'전라남도','NAI0000150','영광(금호)'),(1432,36,'전라남도','NAI0000151','영광(심야)'),(1433,38,'경상남도','NAI5086809','진영'),(1434,38,'경상남도','NAI5293105','매정/용정'),(1435,38,'경상남도','NAI5293106','작은막개'),(1436,38,'경상남도','NAI5293107','큰막개(내신)'),(1437,38,'경상남도','NAI5293108','개천/옥천사(직행)'),(1438,38,'경상남도','NAI5293110','장항(경남)'),(1439,38,'경상남도','NAI5293111','큰구학포'),(1440,38,'경상남도','NAI5293112','외밤/소구학'),(1441,38,'경상남도','NAI5293113','장좌'),(1442,38,'경상남도','NAI5293114','중촌/우두포'),(1443,38,'경상남도','NAI5293116','큰가룡'),(1444,38,'경상남도','NAI5293117','외곡'),(1445,38,'경상남도','NAI5293118','거산/숭의원'),(1446,38,'경상남도','NAI5293119','감서'),(1447,38,'경상남도','NAI5293123','하원'),(1448,38,'경상남도','NAI5293132','내갈'),(1449,38,'경상남도','NAI5293135','계양'),(1450,38,'경상남도','NAI5293136','작동/당산'),(1451,36,'전라남도','NAI5732602','대전'),(1452,36,'전라남도','NAI5923402','강진군내'),(1453,36,'전라남도','NAI5923403','강진2'),(1454,36,'전라남도','NAI5924804','신평'),(1455,39,'제주도','NAI9990036','211 봉개 -성산항'),(1456,39,'제주도','NAI9990037','212 교래 - 성산항'),(1457,39,'제주도','NAI9990038','221 봉개 - 표선'),(1458,39,'제주도','NAI9990039','222 교래 - 표선'),(1459,39,'제주도','NAI9990044','291 노형'),(1460,26,'울산광역시','NAI4463203','신복로터리(리무진)'),(1461,26,'울산광역시','NAI4467901','울산(태화)'),(1462,35,'전라북도','NAI5093701','도계'),(1463,38,'경상남도','NAI5293138','영산/영오'),(1464,38,'경상남도','NAI5293141','오동/옵실'),(1465,38,'경상남도','NAI5293142','금곡(구만)'),(1466,38,'경상남도','NAI5293143','진분계'),(1467,38,'경상남도','NAI5293145','성전입구'),(1468,38,'경상남도','NAI5293146','화산/초선'),(1469,38,'경상남도','NAI5293147','석마/신리'),(1470,38,'경상남도','NAI5293148','좌련/신평'),(1471,38,'경상남도','NAI5293149','봉현'),(1472,38,'경상남도','NAI5293150','장백'),(1473,38,'경상남도','NAI5293151','영선/장지'),(1474,38,'경상남도','NAI5293153','하촌/장치'),(1475,38,'경상남도','NAI5293154','금곡(마암)'),(1476,38,'경상남도','NAI5293155','개양(경남)'),(1477,38,'경상남도','NAI5293156','남진'),(1478,38,'경상남도','NAI5293159','공룡엑스포'),(1479,38,'경상남도','NAI5293160','동촌/산북'),(1480,38,'경상남도','NAI5293161','가동/무선'),(1481,38,'경상남도','NAI5293162','명송'),(1482,38,'경상남도','NAI5293163','도전'),(1483,38,'경상남도','NAI5293164','곤기'),(1484,38,'경상남도','NAI5293166','낙전'),(1485,38,'경상남도','NAI5293167','터골'),(1486,38,'경상남도','NAI5293168','터골'),(1487,38,'경상남도','NAI5293169','가동/무선'),(1488,38,'경상남도','NAI5293170','상리/중촌'),(1489,38,'경상남도','NAI5293171','비곡/신촌'),(1490,38,'경상남도','NAI5293172','고봉'),(1491,38,'경상남도','NAI5293174','이홀/구실'),(1492,38,'경상남도','NAI5293175','남평'),(1493,38,'경상남도','NAI5293176','추계/수녀원'),(1494,38,'경상남도','NAI5293177','봉발1리'),(1495,38,'경상남도','NAI5293178','봉발2리'),(1496,38,'경상남도','NAI5293179','이화공원'),(1497,38,'경상남도','NAI5293180','임포/하일'),(1498,38,'경상남도','NAI5293181','용암/맥전포'),(1499,38,'경상남도','NAI5293182','상족암/제전'),(1500,38,'경상남도','NAI5293183','덕명'),(1501,38,'경상남도','NAI5293184','하이(맥전포)'),(1502,38,'경상남도','NAI5293185','하일/임포'),(1503,38,'경상남도','NAI5293186','절골'),(1504,38,'경상남도','NAI5293187','하이(삼산)'),(1505,38,'경상남도','NAI5293188','삼천포(삼산)'),(1506,38,'경상남도','NAI5293189','포교/덕산'),(1507,38,'경상남도','NAI5293191','고봉'),(1508,38,'경상남도','NAI5293194','중촌/상리'),(1509,38,'경상남도','NAI5293198','건록사'),(1510,38,'경상남도','NAI5293201','우두포'),(1511,38,'경상남도','NAI5293202','대천'),(1512,38,'경상남도','NAI5293203','돈막'),(1513,38,'경상남도','NAI5293204','좌부천'),(1514,36,'전라남도','NAI5761601','화엄사'),(1515,36,'전라남도','NAI5770802','섬진강휴게소'),(1516,38,'경상남도','NAI5101102','장유(리무진)'),(1517,38,'경상남도','NAI5102104','김해외고(율하)'),(1518,38,'경상남도','NAI5293206','지동'),(1519,38,'경상남도','NAI5293252','장산'),(1520,38,'경상남도','NAI5293256','입암'),(1521,38,'경상남도','NAI5293257','국게'),(1522,38,'경상남도','NAI5295202','춘암'),(1523,36,'전라남도','NAI5812002','화순금호직행'),(1524,36,'전라남도','NAI5930005','보림사'),(1525,36,'전라남도','NAI5930104','마정'),(1526,36,'전라남도','NAI5930108','장주'),(1527,36,'전라남도','NAI5930114','유치2'),(1528,36,'전라남도','NAI5930302','봉림금호직행'),(1529,36,'전라남도','NAI5930306','봉림2'),(1530,21,'부산광역시','NAI4671803','김해공항(세인)'),(1531,21,'부산광역시','NAI4671804','김해공항(세인)'),(1532,21,'부산광역시','NAI4671805','김해공항(태화)'),(1533,21,'부산광역시','NAI4671806','김해공항(태화)'),(1534,21,'부산광역시','NAI4696902','부산사상/심야'),(1535,38,'경상남도','NAI5135611','창원/소목'),(1536,38,'경상남도','NAI5135612','신용'),(1537,38,'경상남도','NAI5135618','농어촌버스'),(1538,38,'경상남도','NAI5135699','선진.신기'),(1539,38,'경상남도','NAI5136302','창원(리무진)'),(1540,36,'전라남도','NAI5815711','대신리'),(1541,36,'전라남도','NAI5930502','양곡'),(1542,32,'강원도','NAI5930604','장평금호직행'),(1543,36,'전라남도','NAI5930605','용산금호직행'),(1544,36,'전라남도','NAI5930607','장평용산'),(1545,36,'전라남도','NAI5930608','선정'),(1546,36,'전라남도','NAI5930609','광평'),(1547,36,'전라남도','NAI5930702','배산금호직행'),(1548,36,'전라남도','NAI5930703','배산2'),(1549,36,'전라남도','NAI5930802','반산'),(1550,36,'전라남도','NAI5930803','북동'),(1551,36,'전라남도','NAI5930804','방이'),(1552,36,'전라남도','NAI5932403','장흥금호직행'),(1553,36,'전라남도','NAI5933804','안양'),(1554,36,'전라남도','NAI5933901','학송'),(1555,36,'전라남도','NAI5933902','수락'),(1556,36,'전라남도','NAI5933904','옥섬'),(1557,35,'전라북도','NAI5934001','율산'),(1558,36,'전라남도','NAI5934103','심동'),(1559,36,'전라남도','NAI5934204','용산2'),(1560,36,'전라남도','NAI5934404','척산'),(1561,36,'전라남도','NAI5934406','정장'),(1562,38,'경상남도','NAI5139306','무기'),(1563,38,'경상남도','NAI5152402','창원병원(리무진)'),(1564,38,'경상남도','NAI5153602','남산동(리무진)'),(1565,38,'경상남도','NAI5176301','문화(경남)'),(1566,38,'경상남도','NAI5320705','한내(직행)'),(1567,38,'경상남도','NAI5320706','한내(완행)'),(1568,36,'전라남도','NAI5815809','운주사'),(1569,36,'전라남도','NAI5816103','어리(화순)'),(1570,36,'전라남도','NAI5934505','묵촌'),(1571,36,'전라남도','NAI5935106','관산금호직행'),(1572,36,'전라남도','NAI5935110','관산2'),(1573,36,'전라남도','NAI5935306','수동2'),(1574,36,'전라남도','NAI5935602','지정1'),(1575,36,'전라남도','NAI5936007','회진2'),(1576,38,'경상남도','NAI5201702','함안/완행'),(1577,38,'경상남도','NAI5206502','군북/완행'),(1578,38,'경상남도','NAI5210803','신기'),(1579,34,'충청남도','NAI5492601','계룡금암'),(1580,35,'전라북도','NAI5493308','전주(직통)'),(1581,35,'전라북도','NAI5496801','효자동'),(1582,35,'전라북도','NAI5506501','교육청(전북)'),(1583,35,'전라북도','NAI5506502','전북도교육청'),(1584,35,'전라북도','NAI5508002','효자·서부'),(1585,35,'전라북도','NAI5508003','전주(도교육청)'),(1586,35,'전라북도','NAI5532501','중리'),(1587,36,'전라남도','NAI5816407','장치'),(1588,36,'전라남도','NAI5816408','이양금호직행'),(1589,36,'전라남도','NAI5816409','금능-화순'),(1590,36,'전라남도','NAI5816529','노리목'),(1591,36,'전라남도','NAI5936506','대덕금호직행'),(1592,36,'전라남도','NAI5936507','대덕2'),(1593,36,'전라남도','NAI5940201','진산'),(1594,36,'전라남도','NAI5942303','벌교(신항)'),(1595,36,'전라남도','NAI5944801','녹차밭'),(1596,36,'전라남도','NAI5945503','보성북문(직통)'),(1597,36,'전라남도','NAI5945802','보성(직통)'),(1598,36,'전라남도','NAI5947102','율포(직통)'),(1599,36,'전라남도','NAI5947501','군학'),(1600,36,'전라남도','NAI5947502','전일'),(1601,37,'경상북도','NAI3692501','남호'),(1602,37,'경상북도','NAI3693702','원조'),(1603,35,'전라북도','NAI5536302','대덕(완)'),(1604,35,'전라북도','NAI5536504','완주혁신도시'),(1605,35,'전라북도','NAI5540203','괴정'),(1606,35,'전라북도','NAI5540704','안천(완)'),(1607,24,'광주광역시','NAI5840004','남광주(학동)'),(1608,36,'전라남도','NAI5840005','광주(학동)'),(1609,24,'광주광역시','NAI5840006','광주학동'),(1610,24,'광주광역시','NAI5840016','소태역2'),(1611,38,'경상남도','NAI5841102','영암군내'),(1612,36,'전라남도','NAI5841103','영암군구간'),(1613,36,'전라남도','NAI5952151','남열리'),(1614,36,'전라남도','NAI5952152','간천'),(1615,38,'경상남도','NAI5215602','화정(경남)'),(1616,38,'경상남도','NAI5215603','화정'),(1617,38,'경상남도','NAI5215804','덕실'),(1618,38,'경상남도','NAI5222201','감서(당동)'),(1619,38,'경상남도','NAI5222202','당동(완행)'),(1620,38,'경상남도','NAI5222203','당동(직행)'),(1621,38,'경상남도','NAI5222801','화계'),(1622,35,'전라북도','NAI5550004','가당(완)'),(1623,35,'전라북도','NAI5550101','대티'),(1624,35,'전라북도','NAI5550302','부남'),(1625,35,'전라북도','NAI5550404','상대곡'),(1626,35,'전라북도','NAI5550605','전도'),(1627,35,'전라북도','NAI5551101','잠두'),(1628,35,'전라북도','NAI5551204','세동'),(1629,35,'전라북도','NAI5552302','오산'),(1630,35,'전라북도','NAI5552605','고방리'),(1631,35,'전라북도','NAI5553102','마산'),(1632,35,'전라북도','NAI5553103','마산재'),(1633,38,'경상남도','NAI5553202','광포'),(1634,36,'전라남도','NAI5843411','동계'),(1635,36,'전라남도','NAI5952206','산동'),(1636,36,'전라남도','NAI5230001','의신'),(1637,38,'경상남도','NAI5230201','쌍계'),(1638,38,'경상남도','NAI5230202','쌍계'),(1639,36,'전라남도','NAI5230203','모암'),(1640,38,'경상남도','NAI5230204','목압'),(1641,38,'경상남도','NAI5230304','법하'),(1642,38,'경상남도','NAI5230307','정금'),(1643,38,'경상남도','NAI5230404','검두'),(1644,38,'경상남도','NAI5230406','신흥(화개)'),(1645,35,'전라북도','NAI5553504','안성(완)'),(1646,35,'전라북도','NAI5553601','사전'),(1647,35,'전라북도','NAI5553701','도촌'),(1648,35,'전라북도','NAI5553801','덕곡'),(1649,35,'전라북도','NAI5554202','명천'),(1650,35,'전라북도','NAI5554401','기곡'),(1651,35,'전라북도','NAI5555305','설천(완)'),(1652,35,'전라북도','NAI5555401','월현'),(1653,35,'전라북도','NAI5555702','구천(완)'),(1654,35,'전라북도','NAI5556005','금척(완)'),(1655,36,'전라남도','NAI5843903','군내독천'),(1656,36,'전라남도','NAI5844501','기동'),(1657,36,'전라남도','NAI5953703','우산2'),(1658,36,'전라남도','NAI5954003','고흥(신항)'),(1659,36,'전라남도','NAI5954704','은전'),(1660,36,'전라남도','NAI5954905','죽시2'),(1661,36,'전라남도','NAI5955502','녹동'),(1662,36,'전라남도','NAI5955504','녹동(신항)'),(1663,36,'전라남도','NAI5956408','신양'),(1664,37,'경상북도','NAI3758301','장성'),(1665,21,'부산광역시','NAI4773409','부산동래/심야'),(1666,21,'부산광역시','NAI4781209','동래고교/심야'),(1667,38,'경상남도','NAI5230502','동매'),(1668,38,'경상남도','NAI5230703','평사'),(1669,38,'경상남도','NAI5230803','덕계'),(1670,38,'경상남도','NAI5230804','축지'),(1671,38,'경상남도','NAI5231101','문암'),(1672,11,'서울특별시','NAI0273503','길음(도심공항)'),(1673,11,'서울특별시','NAI0511604','강변역'),(1674,31,'경기도','NAI1003901','용산동입구(김포시)'),(1675,38,'경상남도','NAI5231103','두양'),(1676,38,'경상남도','NAI5231204','위태'),(1677,38,'경상남도','NAI5231401','옥종'),(1678,38,'경상남도','NAI5231403','백토(경남)'),(1679,38,'경상남도','NAI5231503','양천사'),(1680,38,'경상남도','NAI5231601','서황'),(1681,38,'경상남도','NAI5231704','가평'),(1682,35,'전라북도','NAI5231801','북천'),(1683,38,'경상남도','NAI5231805','이명'),(1684,35,'전라북도','NAI5560102','계북(완)'),(1685,35,'전라북도','NAI5561402','장계(완)'),(1686,35,'전라북도','NAI5562302','계남(완)'),(1687,35,'전라북도','NAI5563202','장수(완)'),(1688,36,'전라남도','NAI5850902','현경(완)'),(1689,36,'전라남도','NAI5853402','망운.원이문'),(1690,36,'전라남도','NAI5853701','운남'),(1691,36,'전라남도','NAI5857101','회산'),(1692,36,'전라남도','NAI5857501','우시장'),(1693,36,'전라남도','NAI5864202','군내목포'),(1694,36,'전라남도','NAI5880802','우전리욕장'),(1695,36,'전라남도','NAI5883601','암태'),(1696,36,'전라남도','NAI5956411','금장오천'),(1697,36,'전라남도','NAI5956412','궁전우두'),(1698,36,'전라남도','NAI5956903','나로도(완)'),(1699,36,'전라남도','NAI5971502','여수(신항)'),(1700,24,'광주광역시','NAI6119201','우산동'),(1701,24,'광주광역시','NAI6150402','소태금호직행'),(1702,37,'경상북도','NAI3815702','경주고속'),(1703,38,'경상남도','NAI5000102','서상'),(1704,38,'경상남도','NAI5232506','통정'),(1705,38,'경상남도','NAI5233309','동산'),(1706,38,'경상남도','NAI5234004','고남초등'),(1707,36,'전라남도','NAI5890002','군녹진'),(1708,36,'전라남도','NAI5890003','죽전'),(1709,36,'전라남도','NAI5890004','나리'),(1710,36,'전라남도','NAI5890005','만금'),(1711,36,'전라남도','NAI5890201','둔전'),(1712,36,'전라남도','NAI5890203','안농'),(1713,36,'전라남도','NAI5890602','고군오류'),(1714,36,'전라남도','NAI5890603','내동'),(1715,36,'전라남도','NAI5890604','벽파'),(1716,36,'전라남도','NAI5890605','마산'),(1717,36,'전라남도','NAI5890606','고군연동'),(1718,36,'전라남도','NAI5890607','지산오류'),(1719,36,'전라남도','NAI5890701','지막'),(1720,36,'전라남도','NAI5890703','벌포'),(1721,36,'전라남도','NAI5890704','황조'),(1722,38,'경상남도','NAI5890705','원포'),(1723,36,'전라남도','NAI5890706','군포'),(1724,36,'전라남도','NAI5890902','군내신동'),(1725,36,'전라남도','NAI5890903','임회신동'),(1726,36,'전라남도','NAI5891002','모사'),(1727,36,'전라남도','NAI5891102','가계'),(1728,36,'전라남도','NAI5892601','동구'),(1729,36,'전라남도','NAI5892802','왕원달'),(1730,36,'전라남도','NAI5893501','의신송정'),(1731,31,'경기도','NAI5893502','의신회동'),(1732,36,'전라남도','NAI5893504','가계회동'),(1733,36,'전라남도','NAI5893505','도목송정'),(1734,36,'전라남도','NAI5893602','연주'),(1735,36,'전라남도','NAI5893603','초상'),(1736,36,'전라남도','NAI5893604','초사'),(1737,36,'전라남도','NAI5893701','도목'),(1738,36,'전라남도','NAI5893702','도항'),(1739,36,'전라남도','NAI5893703','도명'),(1740,36,'전라남도','NAI5893801','활곡'),(1741,36,'전라남도','NAI5893901','왕금갑'),(1742,36,'전라남도','NAI5893902','금갑'),(1743,36,'전라남도','NAI5893903','왕접도'),(1744,36,'전라남도','NAI5893905','접도'),(1745,36,'전라남도','NAI5894201','십일시'),(1746,36,'전라남도','NAI5894202','구분실'),(1747,36,'전라남도','NAI5894203','임회송정'),(1748,36,'전라남도','NAI5894401','귀성'),(1749,36,'전라남도','NAI5894402','탑립'),(1750,36,'전라남도','NAI5894403','죽림'),(1751,36,'전라남도','NAI5894404','강계'),(1752,36,'전라남도','NAI5894405','헌복동'),(1753,36,'전라남도','NAI5894406','중만'),(1754,24,'광주광역시','NAI6193703','광주금호직행'),(1755,24,'광주광역시','NAI6193709','광주(완행)'),(1756,24,'광주광역시','NAI6193710','광주직통'),(1757,24,'광주광역시','NAI6193711','광주(심야)'),(1758,38,'경상남도','NAI5005103','유평'),(1759,38,'경상남도','NAI5234801','선창'),(1760,38,'경상남도','NAI5235007','금남고'),(1761,38,'경상남도','NAI5235050','군부대'),(1762,38,'경상남도','NAI5235210','대송'),(1763,38,'경상남도','NAI5235211','남해'),(1764,38,'경상남도','NAI5240403','대사'),(1765,36,'전라남도','NAI5894502','남선'),(1766,36,'전라남도','NAI5894503','팽목'),(1767,36,'전라남도','NAI5894504','남동'),(1768,36,'전라남도','NAI5894505','팽목항'),(1769,36,'전라남도','NAI5894506','서망'),(1770,36,'전라남도','NAI5894604','거제'),(1771,36,'전라남도','NAI5894605','길은'),(1772,36,'전라남도','NAI5894606','소포'),(1773,36,'전라남도','NAI5894607','안치'),(1774,36,'전라남도','NAI5894702','앵무고야'),(1775,36,'전라남도','NAI5894703','고야'),(1776,36,'전라남도','NAI5894802','갈두'),(1777,36,'전라남도','NAI5894901','와우'),(1778,36,'전라남도','NAI5894902','금노'),(1779,36,'전라남도','NAI5895002','인지'),(1780,36,'전라남도','NAI5895101','관마'),(1781,36,'전라남도','NAI5895102','송호'),(1782,36,'전라남도','NAI5895201','가치'),(1783,36,'전라남도','NAI5895202','봉암'),(1784,36,'전라남도','NAI5895203','하봉암'),(1785,36,'전라남도','NAI5900402','우수영(군내)'),(1786,36,'전라남도','NAI5900606','군내옥동'),(1787,36,'전라남도','NAI5900702','군내남리'),(1788,36,'전라남도','NAI5900801','황산송호'),(1789,36,'전라남도','NAI5901203','송천(해남)'),(1790,36,'전라남도','NAI5901204','금송'),(1791,39,'제주도','NAI6311501','공항Airport'),(1792,37,'경상북도','NAI3864602','병원'),(1793,37,'경상북도','NAI3881801','동영천IC정류장'),(1794,36,'전라남도','NAI3894501','내연동'),(1795,38,'경상남도','NAI5250004','초량'),(1796,38,'경상남도','NAI5250005','곤명'),(1797,38,'경상남도','NAI5250103','완사'),(1798,38,'경상남도','NAI5250104','구몰'),(1799,38,'경상남도','NAI5250902','구호'),(1800,24,'광주광역시','NAI5704302','호남대'),(1801,36,'전라남도','NAI5704310','묘량'),(1802,36,'전라남도','NAI5901906','송신평'),(1803,36,'전라남도','NAI5901907','증의도'),(1804,36,'전라남도','NAI5901908','월송'),(1805,36,'전라남도','NAI5902201','황산이목'),(1806,36,'전라남도','NAI5902302','관동'),(1807,36,'전라남도','NAI5903802','해남군내'),(1808,36,'전라남도','NAI5903803','해남구간'),(1809,36,'전라남도','NAI5904101','초호'),(1810,36,'전라남도','NAI5904104','사교'),(1811,36,'전라남도','NAI5904501','내사리'),(1812,39,'제주도','NAI6334305','231 봉개남조로'),(1813,39,'제주도','NAI6334308','232 교래남조로'),(1814,37,'경상북도','NAI3962602','김천부곡한남'),(1815,37,'경상북도','NAI3989602','왜관'),(1816,37,'경상북도','NAI4011237','벌지2리'),(1817,37,'경상북도','NAI4011245','벌지1리'),(1818,37,'경상북도','NAI4011498','용소'),(1819,37,'경상북도','NAI4011502','박곡(완행)'),(1820,37,'경상북도','NAI4011539','무계'),(1821,37,'경상북도','NAI4011674','득성'),(1822,37,'경상북도','NAI4011701','삼대1리'),(1823,37,'경상북도','NAI4012167','월산'),(1824,22,'대구광역시','NAI5040801','인교'),(1825,38,'경상남도','NAI5044201','초등'),(1826,38,'경상남도','NAI5251810','검문소'),(1827,38,'경상남도','NAI5252001','사주리'),(1828,38,'경상남도','NAI5252510','하덕'),(1829,37,'경상북도','NAI5253201','월성'),(1830,38,'경상남도','NAI5253603','연천(경남)'),(1831,38,'경상남도','NAI5253605','병둔'),(1832,38,'경상남도','NAI5253801','석계(경남)'),(1833,38,'경상남도','NAI5253802','온정(경남)'),(1834,38,'경상남도','NAI5254101','금진(경남)'),(1835,38,'경상남도','NAI5254105','굴포(사천)'),(1836,38,'경상남도','NAI5254301','자혜'),(1837,38,'경상남도','NAI5254402','다맥'),(1838,38,'경상남도','NAI5254503','비토'),(1839,38,'경상남도','NAI5254701','남양(경남)'),(1840,36,'전라남도','NAI5715329','마치'),(1841,36,'전라남도','NAI5715352','운암'),(1842,36,'전라남도','NAI5715373','염산'),(1843,37,'경상북도','NAI5715382','도덕삼거리'),(1844,24,'광주광역시','NAI5715384','효정병원'),(1845,36,'전라남도','NAI5715388','양동'),(1846,36,'전라남도','NAI5904801','명금'),(1847,36,'전라남도','NAI5904902','가좌'),(1848,36,'전라남도','NAI5905503','남창(군내)'),(1849,36,'전라남도','NAI5905801','구시'),(1850,36,'전라남도','NAI5905813','고현(해남)'),(1851,36,'전라남도','NAI5905901','고담리'),(1852,36,'전라남도','NAI5906103','군내월송'),(1853,36,'전라남도','NAI5906113','현산황산'),(1854,36,'전라남도','NAI5906311','군내산정'),(1855,36,'전라남도','NAI5906503','군내땅끝'),(1856,36,'전라남도','NAI5906504','군내송호'),(1857,36,'전라남도','NAI5910201','황진리'),(1858,22,'대구광역시','NAI4275101','대구(성서)'),(1859,22,'대구광역시','NAI4291901','다사(대실)'),(1860,38,'경상남도','NAI5275910','진주'),(1861,38,'경상남도','NAI5283101','진주혁신도시'),(1862,38,'경상남도','NAI5290102','악양'),(1863,38,'경상남도','NAI5291503','거제'),(1864,38,'경상남도','NAI5291504','전포'),(1865,38,'경상남도','NAI5291506','산북'),(1866,38,'경상남도','NAI5291507','청광'),(1867,36,'전라남도','NAI5715483','수문'),(1868,36,'전라남도','NAI5720105','장성댐'),(1869,36,'전라남도','NAI5720702','대흥'),(1870,36,'전라남도','NAI5721801','대창1구'),(1871,36,'전라남도','NAI5920204','군내성전'),(1872,36,'전라남도','NAI5921402','병영2'),(1873,39,'제주도','NAI6362001','131 남원체육관(봉개)'),(1874,39,'제주도','NAI6362002','132 남원체육관(교래)'),(1875,31,'경기도','NAI1756202','풍림아파트(안성)'),(1876,31,'경기도','NAI1759102','안성종합운동장'),(1877,11,'서울특별시','NAI2073502','길음역(종암동)'),(1878,32,'강원도','NAI2440902','동산'),(1879,31,'경기도','NAI2460602','용두리'),(1880,32,'강원도','NAI2460607','남교리'),(1881,32,'강원도','NAI2461202','원통(시내)'),(1882,32,'강원도','NAI2461224','원통(시내)'),(1883,32,'강원도','NAI2463401','가리'),(1884,32,'강원도','NAI2463502','장남(시내)'),(1885,31,'경기도','NAI1580401','광정@(군포)'),(1886,31,'경기도','NAI1585601','당동(군포)'),(1887,31,'경기도','NAI1782401','지제역'),(1888,31,'경기도','NAI1252910','단월(시내)'),(1889,31,'경기도','NAI1400601','안양'),(1890,31,'경기도','NAI1110206','팔호'),(1891,31,'경기도','NAI1110903','야미2리'),(1892,31,'경기도','NAI1136301','지행동'),(1893,31,'경기도','NAI1161102','힐스테이트(녹양역)'),(1894,31,'경기도','NAI1181301','산들마을2단지'),(1895,32,'강원도','NAI2503103','작업장'),(1896,32,'강원도','NAI2503621','대명스키장(시내)'),(1897,32,'강원도','NAI2503622','대곡2리(대명)'),(1898,32,'강원도','NAI2503623','숙소(대명스키장)'),(1899,32,'강원도','NAI2503903','영덕'),(1900,32,'강원도','NAI2511601','북방'),(1901,32,'강원도','NAI2513451','시동(시내)'),(1902,32,'강원도','NAI2513507','(구)출장소(시내)'),(1903,31,'경기도','NAI1110104','초과'),(1904,32,'강원도','NAI2451402','고대리'),(1905,32,'강원도','NAI2451403','공수리'),(1906,32,'강원도','NAI2452402','양구관내'),(1907,32,'강원도','NAI2456302','해안(시내)'),(1908,32,'강원도','NAI2460302','일건'),(1909,32,'강원도','NAI2463545','인제(시내)'),(1910,32,'강원도','NAI2463550','용대리(시내)'),(1911,32,'강원도','NAI2463567','용부터(윗길)'),(1912,32,'강원도','NAI2513533','다대리(시내)'),(1913,31,'경기도','NAI1649502','광교중앙역'),(1914,31,'경기도','NAI1658503','수원TR(정)'),(1915,31,'경기도','NAI1490203','시흥ABC행복타운'),(1916,31,'경기도','NAI1498301','시흥하늘휴게소'),(1917,31,'경기도','NAI1501002','배곧중심상가'),(1918,32,'강원도','NAI2513551','모곡(시내)'),(1919,31,'경기도','NAI2513563','봉상리(시내)'),(1920,32,'강원도','NAI2513597','아롱가지'),(1921,31,'경기도','NAI2513601','양지마을(시내)'),(1922,31,'경기도','NAI2513614','용두리(시내)'),(1923,31,'경기도','NAI2513617','용문(시내)'),(1924,32,'강원도','NAI2513620','원동입구(시내)'),(1925,32,'강원도','NAI2513644','철정(시내)'),(1926,32,'강원도','NAI2513651','하남(시내)'),(1927,32,'강원도','NAI2526871','신대2리(시내)'),(1928,32,'강원도','NAI2531201','노동'),(1929,32,'강원도','NAI2531202','속사'),(1930,32,'강원도','NAI2536503','하방림'),(1931,32,'강원도','NAI2536504','방림삼거리'),(1932,32,'강원도','NAI2537102','조동'),(1933,32,'강원도','NAI2537801','마지'),(1934,32,'강원도','NAI2615508','고한'),(1935,32,'강원도','NAI2621202','서면(영월)'),(1936,33,'충청북도','NAI2831901','신흥고(청주)'),(1937,33,'충청북도','NAI2832301','율량성모병원'),(1938,33,'충청북도','NAI2845101','봉명동사거리'),(1939,33,'충청북도','NAI2914102','영동(완)'),(1940,33,'충청북도','NAI2916602','학산(완)'),(1941,34,'충청남도','NAI3141101','둔포'),(1942,31,'경기도','NAI3142702','권관'),(1943,34,'충청남도','NAI3215303','태안남면(좌석)'),(1944,34,'충청남도','NAI3216202','창기리(좌석)'),(1945,36,'전라남도','NAI3216203','연육교(좌석)'),(1946,34,'충청남도','NAI3216402','안면도(좌석)'),(1947,34,'충청남도','NAI3251002','정안휴게소'),(1948,39,'제주도','NAI6351305','151 대정운진항(영어도시)'),(1949,39,'제주도','NAI6351306','152 대정운진항(화순'),(1950,39,'제주도','NAI6351904','255 영어교육도시'),(1951,37,'경상북도','NAI4012365','운수'),(1952,37,'경상북도','NAI4012645','노1리'),(1953,37,'경상북도','NAI4012656','가륜'),(1954,37,'경상북도','NAI4012944','용흥'),(1955,38,'경상남도','NAI4012989','모로동'),(1956,36,'전라남도','NAI4013188','저전'),(1957,38,'경상남도','NAI4013502','신봉산'),(1958,37,'경상북도','NAI4013503','난야월'),(1959,38,'경상남도','NAI4013510','장리'),(1960,38,'경상남도','NAI4013511','사양'),(1961,38,'경상남도','NAI4013512','율지'),(1962,37,'경상북도','NAI4013521','남은'),(1963,33,'충청북도','NAI4013539','용암'),(1964,37,'경상북도','NAI4013548','수성동'),(1965,37,'경상북도','NAI4013561','창천'),(1966,37,'경상북도','NAI4013566','수륜'),(1967,36,'전라남도','NAI4013570','오천동'),(1968,37,'경상북도','NAI4013571','수진(계정)'),(1969,22,'대구광역시','NAI4013572','계정'),(1970,37,'경상북도','NAI4013576','노2리'),(1971,37,'경상북도','NAI4013577','석사'),(1972,37,'경상북도','NAI4013578','다산'),(1973,38,'경상남도','NAI4013580','양정'),(1974,37,'경상북도','NAI4013583','대구(완행)'),(1975,37,'경상북도','NAI4013586','백운1리'),(1976,38,'경상남도','NAI4013599','율원'),(1977,37,'경상북도','NAI4014388','일량'),(1978,37,'경상북도','NAI4014701','개포'),(1979,34,'충청남도','NAI4014901','옥산'),(1980,37,'경상북도','NAI4015001','부2리'),(1981,37,'경상북도','NAI4015009','인안'),(1982,37,'경상북도','NAI4015011','부1리'),(1983,37,'경상북도','NAI4015103','야정'),(1984,38,'경상남도','NAI4015301','예곡동'),(1985,37,'경상북도','NAI4015769','백산'),(1986,37,'경상북도','NAI4015902','대곡동'),(1987,38,'경상남도','NAI5045401','파서'),(1988,38,'경상남도','NAI5045501','신호'),(1989,38,'경상남도','NAI5050202','신평(통도사)'),(1990,38,'경상남도','NAI5058701','원동(경남)'),(1991,38,'경상남도','NAI5254702','벽동'),(1992,35,'전라북도','NAI5263701','정수'),(1993,36,'전라남도','NAI5715407','향동'),(1994,36,'전라남도','NAI5715414','운산.영지'),(1995,36,'전라남도','NAI5715451','연봉'),(1996,24,'광주광역시','NAI5715463','중방'),(1997,24,'광주광역시','NAI5715465','금복중학교'),(1998,36,'전라남도','NAI5715471','장전'),(1999,36,'전라남도','NAI5715472','해창'),(2000,36,'전라남도','NAI5715481','보전'),(2001,36,'전라남도','NAI5910202','중리'),(2002,36,'전라남도','NAI5910203','달도'),(2003,36,'전라남도','NAI5910204','교인동'),(2004,36,'전라남도','NAI5910205','원동(군내)'),(2005,36,'전라남도','NAI5910301','불목리'),(2006,36,'전라남도','NAI5910602','삼두리'),(2007,36,'전라남도','NAI5913207','덕동'),(2008,36,'전라남도','NAI5914604','송곡'),(2009,36,'전라남도','NAI5914605','임촌삼거리'),(2010,36,'전라남도','NAI5914607','대평'),(2011,36,'전라남도','NAI5914801','월부리'),(2012,36,'전라남도','NAI5914802','동촌리'),(2013,36,'전라남도','NAI5914803','동고리'),(2014,36,'전라남도','NAI5915001','신흥리'),(2015,36,'전라남도','NAI5916101','화원동'),(2016,37,'경상북도','NAI3640801','아산병원(영덕)'),(2017,37,'경상북도','NAI3641903','도곡'),(2018,37,'경상북도','NAI3643190','영덕버스'),(2019,34,'충청남도','NAI3271402','시내권'),(2020,32,'강원도','NAI2540401','주문진해변(청시행)'),(2021,32,'강원도','NAI2562001','새목'),(2022,34,'충청남도','NAI3311501','한국전통문화대'),(2023,32,'강원도','NAI2591701','죽서루'),(2024,32,'강원도','NAI2515603','신내'),(2025,32,'강원도','NAI2515703','성산(시내)'),(2026,33,'충청북도','NAI2764902','송산골'),(2027,34,'충청남도','NAI3170901','창리'),(2028,34,'충청남도','NAI3174405','밀두리(시내)'),(2029,34,'충청남도','NAI3174415','예산(시내)'),(2030,34,'충청남도','NAI3174421','당진(시내)'),(2031,31,'경기도','NAI2513572','삼성리(시내)'),(2032,32,'강원도','NAI2513590','홍천(시내)'),(2033,32,'강원도','NAI2516010','두촌(시내)'),(2034,31,'경기도','NAI2516022','용수(시내)'),(2035,32,'강원도','NAI2516601','서석'),(2036,32,'강원도','NAI2517101','내면'),(2037,32,'강원도','NAI2517103','운두'),(2038,32,'강원도','NAI2517104','운두령'),(2039,32,'강원도','NAI2517105','기념관'),(2040,34,'충청남도','NAI3196002','천장호'),(2041,34,'충청남도','NAI3345850','보령욕장'),(2042,33,'충청북도','NAI2744801','서충주'),(2043,31,'경기도','NAI1793501','안중오거리'),(2044,31,'경기도','NAI1794301','안중'),(2045,31,'경기도','NAI1794801','평택호'),(2046,31,'경기도','NAI1795002','해군기지'),(2047,31,'경기도','NAI1798301','안정리'),(2048,31,'경기도','NAI1810601','세마역(오산)'),(2049,31,'경기도','NAI1813701','오산'),(2050,31,'경기도','NAI1813901','신양아파트사거리'),(2051,31,'경기도','NAI1829201','쌍학리'),(2052,31,'경기도','NAI1833403','동일하이빌(봉담읍)'),(2053,31,'경기도','NAI1839701','주공11단지'),(2054,31,'경기도','NAI1844201','나루마을'),(2055,31,'경기도','NAI1844401','동탄'),(2056,31,'경기도','NAI1854301','마도(화성시)'),(2057,31,'경기도','NAI1858801','향남(발안)'),(2058,31,'경기도','NAI1860801','제약단지'),(2059,31,'경기도','NAI5972503','여수(대교)'),(2060,24,'광주광역시','NAI5825513','평동'),(2061,32,'강원도','NAI2512601','결운리(시내)'),(2062,32,'강원도','NAI2513501','홍천'),(2063,32,'강원도','NAI2515602','신내(시내)'),(2064,32,'강원도','NAI2515701','성산'),(2065,32,'강원도','NAI2515702','말고개(시내)'),(2066,32,'강원도','NAI2515801','삼포'),(2067,32,'강원도','NAI2515903','군업'),(2068,32,'강원도','NAI2515905','연애'),(2069,32,'강원도','NAI2516001','두촌'),(2070,32,'강원도','NAI2516401','철정'),(2071,32,'강원도','NAI2516402','역내리(시내)'),(2072,32,'강원도','NAI2516403','지다치(시내)'),(2073,32,'강원도','NAI2516701','생곡'),(2074,32,'강원도','NAI2517002','청도'),(2075,32,'강원도','NAI2517003','광원'),(2076,32,'강원도','NAI2517004','절애'),(2077,32,'강원도','NAI2520601','공근'),(2078,32,'강원도','NAI2523401','횡성'),(2079,32,'강원도','NAI2523901','원주공항'),(2080,32,'강원도','NAI2524801','새말'),(2081,32,'강원도','NAI2526501','둔내'),(2082,32,'강원도','NAI2527101','안흥'),(2083,32,'강원도','NAI2531501','장평'),(2084,32,'강원도','NAI2533201','진부'),(2085,32,'강원도','NAI2534501','횡계'),(2086,32,'강원도','NAI2535601','대화3리'),(2087,32,'강원도','NAI2535801','대화'),(2088,32,'강원도','NAI2536401','방림'),(2089,32,'강원도','NAI2536901','뱃재'),(2090,32,'강원도','NAI2537601','평창'),(2091,32,'강원도','NAI2537602','앞애실'),(2092,32,'강원도','NAI2537603','아침제'),(2093,32,'강원도','NAI2538001','수리재'),(2094,32,'강원도','NAI2538401','미탄'),(2095,32,'강원도','NAI2541901','주문진'),(2096,32,'강원도','NAI2544001','아산병원(강릉)'),(2097,32,'강원도','NAI2551901','강릉시외터미널'),(2098,32,'강원도','NAI2563301','노양골'),(2099,37,'경상북도','NAI3744601','부남'),(2100,37,'경상북도','NAI3745101','안덕'),(2101,37,'경상북도','NAI3745601','도평(현동)'),(2102,37,'경상북도','NAI3746201','화목(현서)'),(2103,37,'경상북도','NAI3751001','흥해'),(2104,37,'경상북도','NAI3751002','송라'),(2105,37,'경상북도','NAI3751501','청하'),(2106,37,'경상북도','NAI3770101','나루끝'),(2107,37,'경상북도','NAI3776001','포항'),(2108,37,'경상북도','NAI3789201','창하'),(2109,37,'경상북도','NAI3805601','대천'),(2110,37,'경상북도','NAI3725001','낙동'),(2111,37,'경상북도','NAI3725701','청리'),(2112,37,'경상북도','NAI3726701','옥산'),(2113,37,'경상북도','NAI3736202','도리원'),(2114,37,'경상북도','NAI3740901','진보'),(2115,37,'경상북도','NAI3742001','덕천'),(2116,37,'경상북도','NAI3743101','청송'),(2117,37,'경상북도','NAI3743701','주왕산');
/*!40000 ALTER TABLE `busterminal` ENABLE KEYS */;
UNLOCK TABLES;

--
-- Table structure for table `bustype`
--

DROP TABLE IF EXISTS `bustype`;
/*!40101 SET @saved_cs_client     = @@character_set_client */;
/*!50503 SET character_set_client = utf8mb4 */;
CREATE TABLE `bustype` (
  `no` int NOT NULL AUTO_INCREMENT,
  `busCode` char(3) NOT NULL,
  `busName` varchar(15) NOT NULL,
  PRIMARY KEY (`no`)
) ENGINE=InnoDB AUTO_INCREMENT=17 DEFAULT CHARSET=utf8mb4 COLLATE=utf8mb4_0900_ai_ci;
/*!40101 SET character_set_client = @saved_cs_client */;

--
-- Dumping data for table `bustype`
--

LOCK TABLES `bustype` WRITE;
/*!40000 ALTER TABLE `bustype` DISABLE KEYS */;
INSERT INTO `bustype` VALUES (9,'IDB','프리미엄'),(10,'IDG','일반'),(11,'IDP','우등'),(12,'IDW','주말프리'),(13,'INB','심야프리'),(14,'ING','심야일반'),(15,'INP','심야우등'),(16,'INW','주말심프');
/*!40000 ALTER TABLE `bustype` ENABLE KEYS */;
UNLOCK TABLES;

--
-- Table structure for table `like`
--

DROP TABLE IF EXISTS `like`;
/*!40101 SET @saved_cs_client     = @@character_set_client */;
/*!50503 SET character_set_client = utf8mb4 */;
CREATE TABLE `like` (
  `no` int NOT NULL AUTO_INCREMENT,
  `id` varchar(35) NOT NULL,
  `bno` int NOT NULL,
  PRIMARY KEY (`no`),
  KEY `like_ibfk_1` (`id`),
  KEY `like_ibfk_2` (`bno`),
  CONSTRAINT `like_ibfk_1` FOREIGN KEY (`id`) REFERENCES `user` (`id`) ON DELETE CASCADE ON UPDATE CASCADE,
  CONSTRAINT `like_ibfk_2` FOREIGN KEY (`bno`) REFERENCES `board` (`no`) ON DELETE CASCADE ON UPDATE CASCADE
) ENGINE=InnoDB AUTO_INCREMENT=621 DEFAULT CHARSET=utf8mb4 COLLATE=utf8mb4_0900_ai_ci;
/*!40101 SET character_set_client = @saved_cs_client */;

--
-- Dumping data for table `like`
--

LOCK TABLES `like` WRITE;
/*!40000 ALTER TABLE `like` DISABLE KEYS */;
INSERT INTO `like` VALUES (604,'jaeho614a@gmail.com',177),(605,'kimtaeri@gmail.com',178),(606,'kimdami@gmail.com',179),(607,'jaeho614aaa@gmail.com',181),(609,'zkflsk@gmail.com',183),(610,'zkflsk@gmail.com',181),(616,'jaeho614@gmail.com',184),(619,'jaeho614@gmail.com',183),(620,'jaeho614a@gmail.com',174);
/*!40000 ALTER TABLE `like` ENABLE KEYS */;
UNLOCK TABLES;
/*!50003 SET @saved_cs_client      = @@character_set_client */ ;
/*!50003 SET @saved_cs_results     = @@character_set_results */ ;
/*!50003 SET @saved_col_connection = @@collation_connection */ ;
/*!50003 SET character_set_client  = utf8mb4 */ ;
/*!50003 SET character_set_results = utf8mb4 */ ;
/*!50003 SET collation_connection  = utf8mb4_0900_ai_ci */ ;
/*!50003 SET @saved_sql_mode       = @@sql_mode */ ;
/*!50003 SET sql_mode              = 'ONLY_FULL_GROUP_BY,STRICT_TRANS_TABLES,NO_ZERO_IN_DATE,NO_ZERO_DATE,ERROR_FOR_DIVISION_BY_ZERO,NO_ENGINE_SUBSTITUTION' */ ;
DELIMITER ;;
/*!50003 CREATE*/ /*!50017 DEFINER=`jaeho614`@`localhost`*/ /*!50003 TRIGGER `postLikeCnt` AFTER INSERT ON `like` FOR EACH ROW BEGIN

    UPDATE board

    SET `like` = (SELECT COUNT(*) FROM `like` WHERE bno = NEW.bno)

    WHERE no = NEW.bno;

END */;;
DELIMITER ;
/*!50003 SET sql_mode              = @saved_sql_mode */ ;
/*!50003 SET character_set_client  = @saved_cs_client */ ;
/*!50003 SET character_set_results = @saved_cs_results */ ;
/*!50003 SET collation_connection  = @saved_col_connection */ ;
/*!50003 SET @saved_cs_client      = @@character_set_client */ ;
/*!50003 SET @saved_cs_results     = @@character_set_results */ ;
/*!50003 SET @saved_col_connection = @@collation_connection */ ;
/*!50003 SET character_set_client  = utf8mb4 */ ;
/*!50003 SET character_set_results = utf8mb4 */ ;
/*!50003 SET collation_connection  = utf8mb4_0900_ai_ci */ ;
/*!50003 SET @saved_sql_mode       = @@sql_mode */ ;
/*!50003 SET sql_mode              = 'ONLY_FULL_GROUP_BY,STRICT_TRANS_TABLES,NO_ZERO_IN_DATE,NO_ZERO_DATE,ERROR_FOR_DIVISION_BY_ZERO,NO_ENGINE_SUBSTITUTION' */ ;
DELIMITER ;;
/*!50003 CREATE*/ /*!50017 DEFINER=`jaeho614`@`localhost`*/ /*!50003 TRIGGER `postLikeCnt2` BEFORE DELETE ON `like` FOR EACH ROW BEGIN

    UPDATE board

    SET `like` = (`like` - 1)

    WHERE no = OLD.bno;

END */;;
DELIMITER ;
/*!50003 SET sql_mode              = @saved_sql_mode */ ;
/*!50003 SET character_set_client  = @saved_cs_client */ ;
/*!50003 SET character_set_results = @saved_cs_results */ ;
/*!50003 SET collation_connection  = @saved_col_connection */ ;

--
-- Table structure for table `reply`
--

DROP TABLE IF EXISTS `reply`;
/*!40101 SET @saved_cs_client     = @@character_set_client */;
/*!50503 SET character_set_client = utf8mb4 */;
CREATE TABLE `reply` (
  `no` int NOT NULL AUTO_INCREMENT,
  `bno` int NOT NULL,
  `uno` int NOT NULL,
  `content` longtext NOT NULL,
  `ref` int NOT NULL DEFAULT '0',
  `re_step` int NOT NULL DEFAULT '0',
  `re_level` int NOT NULL DEFAULT '0',
  `createAt` timestamp NOT NULL DEFAULT CURRENT_TIMESTAMP,
  `updateAt` timestamp NULL DEFAULT NULL,
  PRIMARY KEY (`no`),
  KEY `bno` (`bno`),
  KEY `reply_ibfk_1` (`uno`),
  CONSTRAINT `reply_ibfk_1` FOREIGN KEY (`uno`) REFERENCES `user` (`no`) ON DELETE CASCADE ON UPDATE CASCADE,
  CONSTRAINT `reply_ibfk_2` FOREIGN KEY (`bno`) REFERENCES `board` (`no`) ON DELETE CASCADE ON UPDATE CASCADE
) ENGINE=InnoDB AUTO_INCREMENT=155 DEFAULT CHARSET=utf8mb4 COLLATE=utf8mb4_0900_ai_ci;
/*!40101 SET character_set_client = @saved_cs_client */;

--
-- Dumping data for table `reply`
--

LOCK TABLES `reply` WRITE;
/*!40000 ALTER TABLE `reply` DISABLE KEYS */;
INSERT INTO `reply` VALUES (143,173,58,'맞아요 집에 있는게 짱입니다 ㅋㅋㅋㅋ',0,0,0,'2023-08-11 02:15:48',NULL),(144,178,59,'같이가요~',0,0,0,'2023-08-28 10:34:48',NULL),(145,178,60,'저도 가고싶어요~',0,0,0,'2023-08-30 16:23:29',NULL),(146,179,61,'저도 칼국수 먹으려 가려구요~!',0,0,0,'2023-08-30 16:27:01',NULL),(147,173,61,'앞으로 계속 더워질거라네요 ㅜㅜ',0,0,0,'2023-08-30 16:27:23',NULL),(148,180,62,'반가워요 구미 금오산 가보세요!~',0,0,0,'2023-09-01 05:23:47',NULL),(149,181,63,'저도 거기 어제 다녀왔어요! 정말 좋더라구요!',0,0,0,'2023-09-01 11:08:13',NULL),(150,182,65,'반가워요~!',0,0,0,'2023-09-01 16:16:43',NULL),(151,182,59,'방가요~',0,0,0,'2023-09-03 15:53:37',NULL),(153,183,59,'ㅋㅋㅋㅋ',0,0,0,'2023-09-06 07:15:43',NULL),(154,181,59,'ㅋㅋㅋㅋ',0,0,0,'2023-09-06 07:15:59',NULL);
/*!40000 ALTER TABLE `reply` ENABLE KEYS */;
UNLOCK TABLES;

--
-- Table structure for table `theme`
--

DROP TABLE IF EXISTS `theme`;
/*!40101 SET @saved_cs_client     = @@character_set_client */;
/*!50503 SET character_set_client = utf8mb4 */;
CREATE TABLE `theme` (
  `no` int NOT NULL AUTO_INCREMENT,
  `addr1` varchar(40) DEFAULT NULL,
  `addr2` varchar(40) DEFAULT NULL,
  `areacode` int NOT NULL,
  `booktour` tinyint DEFAULT '0',
  `cat1` char(3) NOT NULL,
  `cat2` char(5) NOT NULL,
  `cat3` char(9) NOT NULL,
  `contentid` int NOT NULL,
  `contenttypeid` int NOT NULL,
  `createdtime` varchar(20) NOT NULL,
  `firstimage` longtext,
  `firstimage2` longtext,
  `cpyrhtDivCd` varchar(20) DEFAULT NULL,
  `mapx` varchar(20) DEFAULT NULL,
  `mapy` varchar(20) DEFAULT NULL,
  `mlevel` int DEFAULT NULL,
  `modifiedtime` varchar(20) DEFAULT NULL,
  `sigungucode` int DEFAULT NULL,
  `tel` varchar(20) DEFAULT NULL,
  `title` varchar(20) NOT NULL,
  `theme` varchar(20) DEFAULT NULL,
  `cnt` int NOT NULL DEFAULT '0',
  PRIMARY KEY (`no`)
) ENGINE=InnoDB AUTO_INCREMENT=46 DEFAULT CHARSET=utf8mb4 COLLATE=utf8mb4_0900_ai_ci;
/*!40101 SET character_set_client = @saved_cs_client */;

--
-- Dumping data for table `theme`
--

LOCK TABLES `theme` WRITE;
/*!40000 ALTER TABLE `theme` DISABLE KEYS */;
/*!40000 ALTER TABLE `theme` ENABLE KEYS */;
UNLOCK TABLES;

--
-- Table structure for table `ticket`
--

DROP TABLE IF EXISTS `ticket`;
/*!40101 SET @saved_cs_client     = @@character_set_client */;
/*!50503 SET character_set_client = utf8mb4 */;
CREATE TABLE `ticket` (
  `no` int NOT NULL AUTO_INCREMENT,
  `category` char(2) NOT NULL,
  `type` varchar(20) CHARACTER SET utf8mb4 COLLATE utf8mb4_0900_ai_ci NOT NULL,
  `uno` int NOT NULL,
  `price` int NOT NULL,
  `startplace` varchar(20) NOT NULL,
  `endplace` varchar(20) NOT NULL,
  `startDate` timestamp NOT NULL,
  `endDate` timestamp NOT NULL,
  `createAt` timestamp NOT NULL DEFAULT CURRENT_TIMESTAMP,
  `seat` varchar(10) NOT NULL,
  `ticketCode` varchar(100) CHARACTER SET utf8mb4 COLLATE utf8mb4_0900_ai_ci DEFAULT NULL COMMENT '결제티켓',
  PRIMARY KEY (`no`),
  KEY `uno` (`uno`),
  CONSTRAINT `ticket_ibfk_1` FOREIGN KEY (`uno`) REFERENCES `user` (`no`)
) ENGINE=InnoDB AUTO_INCREMENT=21 DEFAULT CHARSET=utf8mb4 COLLATE=utf8mb4_0900_ai_ci;
/*!40101 SET character_set_client = @saved_cs_client */;

--
-- Dumping data for table `ticket`
--

LOCK TABLES `ticket` WRITE;
/*!40000 ALTER TABLE `ticket` DISABLE KEYS */;
INSERT INTO `ticket` VALUES (18,'기차','KTX',59,20000,'서울','부산','2023-09-07 20:57:00','2023-09-07 23:42:00','2023-09-06 09:58:57','E1',NULL),(19,'기차','KTX',59,20000,'서울','부산','2023-09-07 20:57:00','2023-09-07 23:42:00','2023-09-06 09:58:57','D2',NULL),(20,'기차','KTX',59,20000,'서울','부산','2023-09-07 20:57:00','2023-09-07 23:42:00','2023-09-06 09:58:57','C3',NULL);
/*!40000 ALTER TABLE `ticket` ENABLE KEYS */;
UNLOCK TABLES;

--
-- Table structure for table `trainstation`
--

DROP TABLE IF EXISTS `trainstation`;
/*!40101 SET @saved_cs_client     = @@character_set_client */;
/*!50503 SET character_set_client = utf8mb4 */;
CREATE TABLE `trainstation` (
  `no` int NOT NULL AUTO_INCREMENT,
  `cityName` varchar(5) NOT NULL,
  `cityCode` int NOT NULL,
  `stationId` varchar(15) NOT NULL,
  `stationName` varchar(10) NOT NULL,
  PRIMARY KEY (`no`),
  UNIQUE KEY `stationId` (`stationId`)
) ENGINE=InnoDB AUTO_INCREMENT=316 DEFAULT CHARSET=utf8mb4 COLLATE=utf8mb4_0900_ai_ci;
/*!40101 SET character_set_client = @saved_cs_client */;

--
-- Dumping data for table `trainstation`
--

LOCK TABLES `trainstation` WRITE;
/*!40000 ALTER TABLE `trainstation` DISABLE KEYS */;
INSERT INTO `trainstation` VALUES (1,'서울특별시',11,'NAT020040','상봉'),(2,'서울특별시',11,'NAT130036','서빙고'),(3,'서울특별시',11,'NAT130070','옥수'),(4,'서울특별시',11,'NAT130104','왕십리'),(5,'서울특별시',11,'NAT130126','청량리'),(6,'서울특별시',11,'NAT130182','광운대'),(7,'서울특별시',11,'NAT010000','서울'),(8,'서울특별시',11,'NAT010032','용산'),(9,'서울특별시',11,'NAT010058','노량진'),(10,'서울특별시',11,'NAT010091','영등포'),(11,'서울특별시',11,'NAT010106','신도림'),(12,'서울특별시',11,'NATH30000','수서'),(13,'세종특별시',12,'NAT011403','부강'),(14,'세종특별시',12,'NAT011298','조치원'),(15,'세종특별시',12,'NAT011079','소정리'),(16,'세종특별시',12,'NAT011154','전의'),(17,'부산광역시',21,'NAT014244','화명'),(18,'부산광역시',21,'NAT014281','구포'),(19,'부산광역시',21,'NAT014331','사상'),(20,'부산광역시',21,'NAT014445','부산'),(21,'부산광역시',21,'NAT750046','부천'),(22,'부산광역시',21,'NAT750106','동래'),(23,'부산광역시',21,'NAT750161','센텀'),(24,'부산광역시',21,'NAT750189','신해운대'),(25,'부산광역시',21,'NAT750254','송정'),(26,'부산광역시',21,'NAT750329','기장'),(27,'부산광역시',21,'NAT750412','좌천'),(28,'대구광역시',22,'NAT013239','대구'),(29,'대구광역시',22,'NAT013271','동대구'),(30,'대구광역시',22,'NAT013189','서대구'),(31,'인천광역시',23,'NAT060231','주안'),(32,'인천광역시',23,'NATC30058','인천공항T2'),(33,'인천광역시',23,'NATC10325','검암'),(34,'인천광역시',23,'NATC10580','인천공항T1'),(35,'광주광역시',24,'NAT031857','광주송정'),(36,'광주광역시',24,'NAT882904','효천'),(37,'광주광역시',24,'NAT882936','서광주'),(38,'광주광역시',24,'NAT883012','광주'),(39,'광주광역시',24,'NAT883086','극락강'),(40,'대전광역시',25,'NAT011668','대전'),(41,'대전광역시',25,'NAT030057','서대전'),(42,'대전광역시',25,'NAT030173','흑석리'),(43,'대전광역시',25,'NAT011524','신탄진'),(44,'울산광역시',26,'NAT750781','북울산'),(45,'울산광역시',26,'NATH13717','울산(통도사)'),(46,'울산광역시',26,'NAT750560','남창'),(47,'울산광역시',26,'NAT750653','덕하'),(48,'울산광역시',26,'NAT750726','태화강'),(49,'울산광역시',26,'NAT750760','효문'),(50,'경기도',31,'NAT020178','덕소'),(51,'경기도',31,'NAT020471','아신'),(52,'경기도',31,'NAT020524','양평'),(53,'경기도',31,'NAT020641','용문'),(54,'경기도',31,'NAT020677','지평'),(55,'경기도',31,'NAT020717','석불'),(56,'경기도',31,'NAT020760','일신'),(57,'경기도',31,'NAT020803','매곡'),(58,'경기도',31,'NAT020845','양동'),(59,'경기도',31,'NAT020884','삼산'),(60,'경기도',31,'NAT060121','부천'),(61,'경기도',31,'NAT110147','행신'),(62,'경기도',31,'NAT110165','능곡'),(63,'경기도',31,'NAT110249','일산'),(64,'경기도',31,'NAT110265','탄현'),(65,'경기도',31,'NAT110407','파주'),(66,'경기도',31,'NAT110460','문산'),(67,'경기도',31,'NAT110497','운천'),(68,'경기도',31,'NAT110520','임진강'),(69,'경기도',31,'NAT110557','도라산'),(70,'경기도',31,'NAT130312','의정부'),(71,'경기도',31,'NAT130531','동두천'),(72,'경기도',31,'NAT130556','소요산'),(73,'경기도',31,'NAT130597','초성리'),(74,'경기도',31,'NAT130627','한탄강'),(75,'경기도',31,'NAT130652','전곡'),(76,'경기도',31,'NAT130738','연천'),(77,'경기도',31,'NAT130774','신망리'),(78,'경기도',31,'NAT130844','대광리'),(79,'경기도',31,'NAT130888','신탄리'),(80,'경기도',31,'NAT140098','퇴계원'),(81,'경기도',31,'NAT140133','사릉'),(82,'경기도',31,'NAT140214','평내호평'),(83,'경기도',31,'NAT140277','마석'),(84,'경기도',31,'NAT140362','대석리'),(85,'경기도',31,'NAT140436','청평'),(86,'경기도',31,'NAT140576','가평'),(87,'경기도',31,'NAT010239','안양'),(88,'경기도',31,'NAT010415','수원'),(89,'경기도',31,'NAT010570','오산'),(90,'경기도',31,'NAT010670','서정리'),(91,'경기도',31,'NAT010754','평택'),(92,'경기도',31,'NAT280090','가남'),(93,'경기도',31,'NAT250428','부발'),(94,'경기도',31,'NATH10219','광명'),(95,'경기도',31,'NATH30326','동탄'),(96,'경기도',31,'NATH30536','지제'),(97,'강원도',32,'NAT020986','동화'),(98,'강원도',32,'NAT021033','만종'),(99,'강원도',32,'NAT021175','반곡'),(100,'강원도',32,'NAT021357','신림'),(101,'강원도',32,'NAT020864','서원주'),(102,'강원도',32,'NAT020947','원주'),(103,'강원도',32,'NAT130944','백마고지'),(104,'강원도',32,'NAT140681','백양리'),(105,'강원도',32,'NAT140701','강촌'),(106,'강원도',32,'NAT140787','김유정'),(107,'강원도',32,'NAT140840','남춘천'),(108,'강원도',32,'NAT140873','춘천'),(109,'강원도',32,'NAT600830','동점'),(110,'강원도',32,'NAT600870','철암'),(111,'강원도',32,'NAT601122','도계'),(112,'강원도',32,'NAT601275','신기'),(113,'강원도',32,'NAT601485','동해'),(114,'강원도',32,'NAT601545','묵호'),(115,'강원도',32,'NAT601602','망상해변'),(116,'강원도',32,'NAT601605','망상해변'),(117,'강원도',32,'NAT601774','정동진'),(118,'강원도',32,'NAT601936','강릉'),(119,'강원도',32,'NAT610064','별어곡'),(120,'강원도',32,'NAT610137','선평'),(121,'강원도',32,'NAT610226','정선'),(122,'강원도',32,'NAT610326','나전'),(123,'강원도',32,'NAT610387','아우라지'),(124,'강원도',32,'NATN10230','횡성'),(125,'강원도',32,'NATN10428','둔내'),(126,'강원도',32,'NATN10625','평창'),(127,'강원도',32,'NATN10787','진부'),(128,'강원도',32,'NAT630064','추암'),(129,'강원도',32,'NAT630078','삼척해변'),(130,'강원도',32,'NAT650177','쌍룡'),(131,'강원도',32,'NAT650253','연당'),(132,'강원도',32,'NAT650341','영월'),(133,'강원도',32,'NAT650515','예미'),(134,'강원도',32,'NAT650567','함백'),(135,'강원도',32,'NAT650722','민둥산'),(136,'강원도',32,'NAT650782','사북'),(137,'강원도',32,'NAT650828','고한'),(138,'강원도',32,'NAT650918','추전'),(139,'강원도',32,'NAT650978','태백'),(140,'강원도',32,'NAT651053','동백산'),(141,'충청북도',33,'NAT011833','옥천'),(142,'충청북도',33,'NAT011916','이원'),(143,'충청북도',33,'NAT011972','지탄'),(144,'충청북도',33,'NAT012016','심천'),(145,'충청북도',33,'NAT012054','각계'),(146,'충청북도',33,'NAT012124','영동'),(147,'충청북도',33,'NAT012270','황간'),(148,'충청북도',33,'NAT012355','추풍령'),(149,'충청북도',33,'NAT021478','봉양'),(150,'충청북도',33,'NAT021549','제천'),(151,'충청북도',33,'NAT021723','도담'),(152,'충청북도',33,'NAT021784','단양'),(153,'충청북도',33,'NAT050044','오송'),(154,'충청북도',33,'NAT050114','청주'),(155,'충청북도',33,'NAT050215','오근장'),(156,'충청북도',33,'NAT050244','청주공항'),(157,'충청북도',33,'NAT050366','증평'),(158,'충청북도',33,'NAT050596','음성'),(159,'충청북도',33,'NAT050719','주덕'),(160,'충청북도',33,'NAT050827','충주'),(161,'충청북도',33,'NAT050881','목행'),(162,'충청북도',33,'NAT051006','삼탄'),(163,'충청북도',33,'NAT280212','감곡장호원'),(164,'충청북도',33,'NAT280358','앙성온천'),(165,'충청북도',33,'NAT650050','장락'),(166,'충청남도',34,'NAT030254','계룡'),(167,'충청남도',34,'NAT030396','연산'),(168,'충청남도',34,'NAT030508','논산'),(169,'충청남도',34,'NAT030607','강경'),(170,'충청남도',34,'NAT080045','아산'),(171,'충청남도',34,'NAT080147','온양온천'),(172,'충청남도',34,'NAT080216','신창'),(173,'충청남도',34,'NAT080309','도고온천'),(174,'충청남도',34,'NAT080353','신례원'),(175,'충청남도',34,'NAT080402','예산'),(176,'충청남도',34,'NAT080492','삽교'),(177,'충청남도',34,'NAT080622','홍성'),(178,'충청남도',34,'NAT080749','광천'),(179,'충청남도',34,'NAT080827','청소'),(180,'충청남도',34,'NAT080952','대천'),(181,'충청남도',34,'NAT081240','판교'),(182,'충청남도',34,'NAT081318','장항'),(183,'충청남도',34,'NAT081343','서천'),(184,'충청남도',34,'NAT340090','연무대'),(185,'충청남도',34,'NAT010848','성환'),(186,'충청남도',34,'NAT010971','천안'),(187,'충청남도',34,'NATH10960','천안아산'),(188,'충청남도',34,'NATH20438','공주'),(189,'충청남도',34,'NAT081099','신웅천'),(190,'전라북도',35,'NAT030667','용동'),(191,'전라북도',35,'NAT030718','팜열'),(192,'전라북도',35,'NAT030879','익산'),(193,'전라북도',35,'NAT031056','김제'),(194,'전라북도',35,'NAT031179','신태인'),(195,'전라북도',35,'NAT031314','정읍'),(196,'전라북도',35,'NAT040133','삼례'),(197,'전라북도',35,'NAT040173','동산'),(198,'전라북도',35,'NAT040257','전주'),(199,'전라북도',35,'NAT040352','신리'),(200,'전라북도',35,'NAT040496','관촌'),(201,'전라북도',35,'NAT040536','임실'),(202,'전라북도',35,'NAT040667','오수'),(203,'전라북도',35,'NAT040868','남원'),(204,'전라북도',35,'NAT081388','군산'),(205,'전라북도',35,'NAT320131','대야'),(206,'전라남도',36,'NAT031486','백양사'),(207,'전라남도',36,'NAT031638','장성'),(208,'전라남도',36,'NAT031998','나주'),(209,'전라남도',36,'NAT032099','다시'),(210,'전라남도',36,'NAT032273','무안'),(211,'전라남도',36,'NAT032313','몽탄'),(212,'전라남도',36,'NAT032422','일로'),(213,'전라남도',36,'NAT032489','임성리'),(214,'전라남도',36,'NAT032563','목포'),(215,'전라남도',36,'NAT041072','곡성'),(216,'전라남도',36,'NAT041285','구레구'),(217,'전라남도',36,'NAT041595','순천'),(218,'전라남도',36,'NAT041710','율천'),(219,'전라남도',36,'NAT041866','여천'),(220,'전라남도',36,'NAT041993','여수EXPO'),(221,'전라남도',36,'NAT032212','함평'),(222,'전라남도',36,'NAT881538','진상'),(223,'전라남도',36,'NAT881584','옥곡'),(224,'전라남도',36,'NAT881708','광양'),(225,'전라남도',36,'NAT882034','벌교'),(226,'전라남도',36,'NAT882141','조성'),(227,'전라남도',36,'NAT882194','예당'),(228,'전라남도',36,'NAT882237','득량'),(229,'전라남도',36,'NAT882328','보성'),(230,'전라남도',36,'NAT882416','명봉'),(231,'전라남도',36,'NAT882544','이양'),(232,'전라남도',36,'NAT882666','능주'),(233,'전라남도',36,'NAT882755','화순'),(234,'전라남도',36,'NAT882847','남평'),(235,'경상북도',37,'NAT012546','김천'),(236,'경상북도',37,'NAT012700','아포'),(237,'경상북도',37,'NAT012775','구미'),(238,'경상북도',37,'NAT012821','사곡'),(239,'경상북도',37,'NAT012903','약목'),(240,'경상북도',37,'NAT012968','왜관'),(241,'경상북도',37,'NAT013067','신동'),(242,'경상북도',37,'NAT013395','경산'),(243,'경상북도',37,'NAT013542','남성현'),(244,'경상북도',37,'NAT013629','청도'),(245,'경상북도',37,'NAT022053','풍기'),(246,'경상북도',37,'NAT022188','영주'),(247,'경상북도',37,'NAT022844','의성'),(248,'경상북도',37,'NAT022961','탑리'),(249,'경상북도',37,'NAT023127','화본'),(250,'경상북도',37,'NAT023279','신녕'),(251,'경상북도',37,'NAT023424','북영천'),(252,'경상북도',37,'NAT023449','영천'),(253,'경상북도',37,'NAT023601','아화'),(254,'경상북도',37,'NAT023821','서경주'),(255,'경상북도',37,'NAT300200','옥산'),(256,'경상북도',37,'NAT300271','청리'),(257,'경상북도',37,'NAT300360','상주'),(258,'경상북도',37,'NAT300558','함창'),(259,'경상북도',37,'NAT300600','점촌'),(260,'경상북도',37,'NAT300669','용궁'),(261,'경상북도',37,'NAT300733','개포'),(262,'경상북도',37,'NAT300850','예천'),(263,'경상북도',37,'NAT600147','봉화'),(264,'경상북도',37,'NAT600257','봉성'),(265,'경상북도',37,'NAT600379','춘양'),(266,'경상북도',37,'NAT600476','임기'),(267,'경상북도',37,'NAT600527','현동'),(268,'경상북도',37,'NAT600593','분펀'),(269,'경상북도',37,'NAT600635','비동'),(270,'경상북도',37,'NAT600655','양원'),(271,'경상북도',37,'NAT600692','승부'),(272,'경상북도',37,'NAT600768','석포'),(273,'경상북도',37,'NAT8B0082','신나원'),(274,'경상북도',37,'NAT8B0190','신안강'),(275,'경상북도',37,'NAT8B0504','월포'),(276,'경상북도',37,'NAT8B0595','장사'),(277,'경상북도',37,'NAT8B0671','강구'),(278,'경상북도',37,'NAT8B0737','영덕'),(279,'경상북도',37,'NAT830200','하양'),(280,'경상북도',37,'NAT8B0351','포항'),(281,'경상북도',37,'NATH12383','김천구미'),(282,'경상북도',37,'NATH13421','신경주'),(283,'경상북도',37,'NAT022558','안동'),(284,'경상북도',37,'NAT750933','입실'),(285,'경상북도',37,'NAT751238','사방'),(286,'경상북도',37,'NAT751296','안강'),(287,'경상북도',37,'NAT751325','양자동'),(288,'경상북도',37,'NAT751354','부조'),(289,'경상북도',37,'NAT751418','효자'),(290,'경상남도',38,'NAT013747','상동'),(291,'경상남도',38,'NAT013841','밀양'),(292,'경상남도',38,'NAT013967','삼랑진'),(293,'경상남도',38,'NAT014058','우너동'),(294,'경상남도',38,'NAT014150','물금'),(295,'경상남도',38,'NAT880099','한림정'),(296,'경상남도',38,'NAT880177','진영'),(297,'경상남도',38,'NAT880179','진례'),(298,'경상남도',38,'NAT880281','창원중앙'),(299,'경상남도',38,'NAT880310','창원'),(300,'경상남도',38,'NAT880345','마산'),(301,'경상남도',38,'NAT880408','중리'),(302,'경상남도',38,'NAT880520','함안'),(303,'경상남도',38,'NAT880608','군북'),(304,'경상남도',38,'NAT880644','원북'),(305,'경상남도',38,'NAT880702','평촌'),(306,'경상남도',38,'NAT880766','반성'),(307,'경상남도',38,'NAT880825','진성'),(308,'경상남도',38,'NAT881014','진주'),(309,'경상남도',38,'NAT881168','완사'),(310,'경상남도',38,'NAT881269','북천'),(311,'경상남도',38,'NAT881323','양보'),(312,'경상남도',38,'NAT881386','횡천'),(313,'경상남도',38,'NAT881460','하동'),(314,'경상남도',38,'NAT810048','신창원'),(315,'경상남도',38,'NAT810195','진해');
/*!40000 ALTER TABLE `trainstation` ENABLE KEYS */;
UNLOCK TABLES;

--
-- Table structure for table `traintype`
--

DROP TABLE IF EXISTS `traintype`;
/*!40101 SET @saved_cs_client     = @@character_set_client */;
/*!50503 SET character_set_client = utf8mb4 */;
CREATE TABLE `traintype` (
  `no` int NOT NULL AUTO_INCREMENT,
  `trainCode` char(2) NOT NULL,
  `trainName` varchar(15) NOT NULL,
  PRIMARY KEY (`no`)
) ENGINE=InnoDB AUTO_INCREMENT=25 DEFAULT CHARSET=utf8mb4 COLLATE=utf8mb4_0900_ai_ci;
/*!40101 SET character_set_client = @saved_cs_client */;

--
-- Dumping data for table `traintype`
--

LOCK TABLES `traintype` WRITE;
/*!40000 ALTER TABLE `traintype` DISABLE KEYS */;
INSERT INTO `traintype` VALUES (13,'00','KTX'),(14,'01','새마을호'),(15,'02','무궁화호'),(16,'03','통근열차'),(17,'04','누리호'),(18,'06','AREX직통'),(19,'07','KTX-산천(A-type)'),(20,'08','ITX-새마을'),(21,'09','ITX-청춘'),(22,'10','KTX-산천(B-type)'),(23,'16','KTX-이음'),(24,'17','SRT');
/*!40000 ALTER TABLE `traintype` ENABLE KEYS */;
UNLOCK TABLES;

--
-- Table structure for table `user`
--

DROP TABLE IF EXISTS `user`;
/*!40101 SET @saved_cs_client     = @@character_set_client */;
/*!50503 SET character_set_client = utf8mb4 */;
CREATE TABLE `user` (
  `no` int NOT NULL AUTO_INCREMENT,
  `id` varchar(35) NOT NULL,
  `pwd` varchar(255) NOT NULL,
  `nick` varchar(10) NOT NULL,
  `phone` varchar(14) NOT NULL,
  `addr1` varchar(100) NOT NULL,
  `addr2` varchar(100) DEFAULT NULL,
  `zipcode` char(5) NOT NULL,
  `gender` tinyint(1) NOT NULL DEFAULT '1',
  `grade` int NOT NULL DEFAULT '1',
  `reg` timestamp NULL DEFAULT CURRENT_TIMESTAMP,
  `img` varchar(255) DEFAULT NULL,
  `style` varchar(20) DEFAULT 'basic',
  PRIMARY KEY (`no`),
  UNIQUE KEY `id` (`id`),
  UNIQUE KEY `nick` (`nick`),
  UNIQUE KEY `phone` (`phone`)
) ENGINE=InnoDB AUTO_INCREMENT=71 DEFAULT CHARSET=utf8mb4 COLLATE=utf8mb4_0900_ai_ci;
/*!40101 SET character_set_client = @saved_cs_client */;

--
-- Dumping data for table `user`
--

LOCK TABLES `user` WRITE;
/*!40000 ALTER TABLE `user` DISABLE KEYS */;
INSERT INTO `user` VALUES (57,'testAdmin@trippermaker.com','$2b$10$apv3SC/8ynO5hTOVZfbkp.lhC9dd16bOk7N6eX.lmf.ClTOCDojUi','관리자','01053930613','경기 성남시 분당구 판교역로10번길 3','999층 ','39316',1,2,'2023-08-11 02:11:20','logo.jpg','dark'),(58,'jaeho614@gmail.com','$2b$10$/6AOefHex5C0x1bXXdeDuexnA.xhrzrKcHXZpREZd5UQWbygR60UG','라이언','01012341234','대구 수성구 고모로 31','우리집','42260',1,1,'2023-08-11 02:13:57','lion1691720080863.jpg','basic'),(59,'jaeho614a@gmail.com','$2b$10$3VwaK8tEyZopIMni64jm2.JVTVMx0gdXnoLUR2s8u18uiWeJle6hW','아이유','01053930614','경북 구미시 형곡로34길 9','9999910동 501호','39316',1,1,'2023-08-22 15:43:15','iu1693974019502.jpg','basic'),(60,'kimtaeri@gmail.com','$2b$10$90U2uqA8CnfDq0I3b.FBTeBEc4r7gWq2lg9gCNteEr0Zt5VYp5g6S','김태리','01088888888','경기 성남시 분당구 경부고속도로 409','아파트','13473',1,1,'2023-08-30 16:22:12','kimtaeri1693412563462.jpg','basic'),(61,'kimdami@gmail.com','$2b$10$hrSrELnhtt7nQixB.KYbwuaa7xELf5UKy9B.dthhxnxrOGFtjK3qy','김다미','01033333333','서울 성동구 서울숲길 17','빌라','04766',1,1,'2023-08-30 16:25:43','kimdami1693412773124.jpg','basic'),(62,'jaeho614aa@gmail.com','$2b$10$o5PF97YbuWjeaY6awv5DpeviPpFH3ChnBuINRA304xCjXhgLkQUN.','강동원','01033223322','대구 수성구 고모로 31','타워펠리스','42260',0,1,'2023-09-01 05:20:46',NULL,'basic'),(63,'jaeho614aaa@gmail.com','$2b$10$SOthFNS2auV2mzPNPUKciOyakKJYaMNLhN6Nft3/KGfJgz//zs.nK','원빈','01088888889','서울 성동구 서울숲길 17','기와집','04766',0,1,'2023-09-01 10:53:42',NULL,'basic'),(64,'wjddntjd@gmail.com','$2b$10$I2EHi7oK8BzCBwrvUT3VrOtY/8QLRlHv.t1PdSPG9siY2gpSqupxy','정우성','01045454545','대전 동구 판교1길 3','내집','34672',0,1,'2023-09-01 14:20:26',NULL,'basic'),(65,'zkflsk@gmail.com','$2b$10$u1hwFvGDJkb3PAp4qQ0egeBaivC9G4dxeqqqrFh4EG64ShkIpZgMG','카리나','01078787878','서울 동대문구 서울시립대로3길 4','자택','02591',1,1,'2023-09-01 14:28:15','karina1693581684356.png','basic'),(67,'dnlsxj@gmail.com','$2b$10$0NOr/zFp1nXCDD/MyaCv4.8LM5I7v46nfZ0XUb2k2OLMXoUTn7KjW','윈터','01098989898','대구 동구 위남로 9','윈터집','41019',1,1,'2023-09-01 14:36:11',NULL,'basic'),(70,'milkyway614@naver.com','$2b$10$pUSZZYn8q557aKn9c3k65eY6EQWbGcnTEfl35dO9I1riQO9HjK69m','재순이123','01053930612','서울 동대문구 약령동길 6','길거리','02570',0,1,'2023-09-02 19:15:08',NULL,'basic');
/*!40000 ALTER TABLE `user` ENABLE KEYS */;
UNLOCK TABLES;

--
-- Table structure for table `wishlist`
--

DROP TABLE IF EXISTS `wishlist`;
/*!40101 SET @saved_cs_client     = @@character_set_client */;
/*!50503 SET character_set_client = utf8mb4 */;
CREATE TABLE `wishlist` (
  `no` int NOT NULL AUTO_INCREMENT,
  `title` varchar(40) CHARACTER SET utf8mb4 COLLATE utf8mb4_0900_ai_ci NOT NULL,
  `id` varchar(35) CHARACTER SET utf8mb4 COLLATE utf8mb4_0900_ai_ci NOT NULL,
  `contentId` varchar(30) CHARACTER SET utf8mb4 COLLATE utf8mb4_0900_ai_ci DEFAULT NULL,
  `createAt` timestamp NOT NULL DEFAULT CURRENT_TIMESTAMP,
  `routeId` varchar(100) DEFAULT NULL,
  `contentTypeId` int NOT NULL,
  PRIMARY KEY (`no`),
  KEY `wishList_ibfk_1` (`id`),
  CONSTRAINT `wishList_ibfk_1` FOREIGN KEY (`id`) REFERENCES `user` (`id`) ON DELETE CASCADE ON UPDATE CASCADE
) ENGINE=InnoDB AUTO_INCREMENT=792 DEFAULT CHARSET=utf8mb4 COLLATE=utf8mb4_0900_ai_ci;
/*!40101 SET character_set_client = @saved_cs_client */;

--
-- Dumping data for table `wishlist`
--

LOCK TABLES `wishlist` WRITE;
/*!40000 ALTER TABLE `wishlist` DISABLE KEYS */;
INSERT INTO `wishlist` VALUES (769,'가나아트파크','jaeho614a@gmail.com','129194','2023-08-29 17:33:25',NULL,12),(770,'가남체육공원','jaeho614a@gmail.com','2777865','2023-08-30 06:03:23',NULL,12),(772,'가루매마을','jaeho614a@gmail.com','1553085','2023-08-30 15:13:50',NULL,12),(773,'가리산(포천)','jaeho614a@gmail.com','125463','2023-08-30 15:13:51',NULL,12),(774,'가막들공원','jaeho614a@gmail.com','2745573','2023-08-30 15:13:53',NULL,12),(776,'가평 아홉마지기마을','jaeho614a@gmail.com','630461','2023-08-30 15:13:55',NULL,12),(777,'가원미술관','jaeho614a@gmail.com','2714751','2023-08-30 15:14:09',NULL,14),(782,'가나아트파크','jaeho614aa@gmail.com','129194','2023-09-01 05:26:43',NULL,12),(783,'가남체육공원','jaeho614aa@gmail.com','2777865','2023-09-01 05:26:45',NULL,12),(784,'가나아트파크','jaeho614aaa@gmail.com','129194','2023-09-01 10:53:59',NULL,12),(785,'가남체육공원','jaeho614aaa@gmail.com','2777865','2023-09-01 10:54:00',NULL,12),(786,'가회동성당','wjddntjd@gmail.com','2733967','2023-09-01 14:21:15',NULL,12),(787,'간데메공원','wjddntjd@gmail.com','2763807','2023-09-01 14:21:18',NULL,12),(788,'가나아트파크','zkflsk@gmail.com','129194','2023-09-01 15:21:36',NULL,12),(789,'가남체육공원','zkflsk@gmail.com','2777865','2023-09-01 15:21:37',NULL,12),(790,'가덕산','zkflsk@gmail.com','125462','2023-09-01 15:21:39',NULL,12),(791,'가회동성당','jaeho614a@gmail.com','2733967','2023-09-06 09:42:00',NULL,12);
/*!40000 ALTER TABLE `wishlist` ENABLE KEYS */;
UNLOCK TABLES;

--
-- Dumping routines for database 'trip'
--
/*!40103 SET TIME_ZONE=@OLD_TIME_ZONE */;

/*!40101 SET SQL_MODE=@OLD_SQL_MODE */;
/*!40014 SET FOREIGN_KEY_CHECKS=@OLD_FOREIGN_KEY_CHECKS */;
/*!40014 SET UNIQUE_CHECKS=@OLD_UNIQUE_CHECKS */;
/*!40101 SET CHARACTER_SET_CLIENT=@OLD_CHARACTER_SET_CLIENT */;
/*!40101 SET CHARACTER_SET_RESULTS=@OLD_CHARACTER_SET_RESULTS */;
/*!40101 SET COLLATION_CONNECTION=@OLD_COLLATION_CONNECTION */;
/*!40111 SET SQL_NOTES=@OLD_SQL_NOTES */;

-- Dump completed on 2023-09-06 20:10:26
